********************** Parameters ***********************																																			
Protein database file:                         	E:/LYC/TopMG/26171/uniprotkb_9606_AND_model_organism_9606_2024_04_22.fasta																																		
Spectrum file:                                 	E:/LYC/TopMG/26171/RM_20190801_NK_F2_02_ms2.msalign																																		
Fragmentation method:                          	FILE																																		
Search type:                                   	TARGET+DECOY																																		
Fixed modifications:                           	None																																		
Use TopFD feature file:                        	FALSE																																		
Error tolerance for matching masses:           	15 ppm																																		
Error tolerance for identifying PrSM clusters: 	1.2 Da																																		
Spectrum-level cutoff type:                    	FDR																																		
Spectrum-level cutoff value:                   	0.01																																		
Proteoform-level cutoff type:                  	FDR																																		
Proteoform-level cutoff value:                 	0.01																																		
Allowed N-terminal forms:                      	"NONE,NME,NME_ACETYLATION,M_ACETYLATION"																																		
Maximum mass shift of modifications:           	500 Da																																		
Thread number:                                 	20																																		
Modification file name:                        	E:/LYC/TopMG/26171/mods.txt																																		
Gap in proteoform graph:                       	40																																		
Maximum number of variable PTMs:               	5																																		
Maximum number of variable PTMs in a graph gap:	5																																		
Maximum number of unexpected modifications:    	1																																		
Report only proteoforms from whole proteins:   	FALSE																																		
Executable file directory:                     	D:\LYC\toppicApp\toppic-windows-1.6.5																																		
Start time:                                    	Sat Jan 18 16:26:47 2025																																		
End time:                                      	Mon Jan 27 01:33:43 2025																																		
Version:                                       	1.6.5																																		
Variable PTM Begin																																			
Acetyl                                         	42.010565																																		
Methyl                                         	14.01565																																		
Dimethyl                                       	28.0313																																		
Trimethyl                                      	42.04695																																		
Phospho                                        	79.966331																																		
Variable PTM End																																			
********************** Parameters ***********************																																			
																																			
Data file name	Prsm ID	Spectrum ID	Fragmentation	Scan(s)	Retention time	#peaks	Charge	Precursor mass	Adjusted precursor mass	Proteoform ID	Feature intensity	Feature score	Feature apex time	#Protein hits	Protein accession	Protein description	First residue	Last residue	Special amino acids	Database protein sequence	Proteoform	Proteoform mass	Protein N-terminal form	Fixed PTMs	#unexpected modifications	unexpected modifications	#variable PTMs	variable PTMs	MIScore	#matched peaks	#matched fragment ions	E-value	Spectrum-level Q-value	Proteoform-level Q-value	
E:/LYC/TopMG/26171/RM_20190801_NK_F2_02_ms2.msalign	0	103	CID	282	1046.81	51	7	9570.81105	9571.09605	7	-	-1000	-1	1	sp|P06454-2|PTMA_HUMAN	Isoform 2 of Prothymosin alpha OS=Homo sapiens OX=9606 GN=PTMA	16	102		DLKEKKEVVEEAENGRDAPANGNANEENGEQEADNEVDEEEEEGGEEEEEEEEGDGEEEDGDEDEEAESATGKRAAEDDEDDDVDTK	K.DLKEKKEVVEEAENGRDAPANGNANEENGEQEADNEVDEEEEEGGEEEEEEEEGDGEEEDGDEDEEAESATGKRAAEDDEDDDVDTK.K	9570.808991	NONE		0		0		-	8	8	0.000102214	0.008	0.011111111	103sp|P06454-2|PTMA_HUMAN
E:/LYC/TopMG/26171/RM_20190801_NK_F2_02_ms2.msalign	1	107	CID	289	1068.45	199	13	11977.90549	11977.92049	6	-	-1000	-1	1	sp|P06454-2|PTMA_HUMAN	Isoform 2 of Prothymosin alpha OS=Homo sapiens OX=9606 GN=PTMA	2	110		SDAAVDTSSEITTKDLKEKKEVVEEAENGRDAPANGNANEENGEQEADNEVDEEEEEGGEEEEEEEEGDGEEEDGDEDEEAESATGKRAAEDDEDDDVDTKKQKTDEDD	M.(SDAAVDTSSEITTKDLKEKKEVVEEAENGRDA)[Acetyl]PANGNANEENGEQEADNEVDEEEEEGGEEEEEEEEGDGEEEDGDEDEEAESATGKRAAEDDEDDDVDTKKQKTDEDD.	11977.92045	NME		0		1	Acetyl:[1-32]	-	76	47	3.70E-09	0	0	107sp|P06454-2|PTMA_HUMAN
E:/LYC/TopMG/26171/RM_20190801_NK_F2_02_ms2.msalign	2	108	CID	291	1074.61	187	9	11977.8759	11977.9009	6	-	-1000	-1	1	sp|P06454-2|PTMA_HUMAN	Isoform 2 of Prothymosin alpha OS=Homo sapiens OX=9606 GN=PTMA	2	110		SDAAVDTSSEITTKDLKEKKEVVEEAENGRDAPANGNANEENGEQEADNEVDEEEEEGGEEEEEEEEGDGEEEDGDEDEEAESATGKRAAEDDEDDDVDTKKQKTDEDD	M.(SDAAVDTSSEITTKD)[Acetyl]LKEKKEVVEEAENGRDAPANGNANEENGEQEADNEVDEEEEEGGEEEEEEEEGDGEEEDGDEDEEAESATGKRAAEDDEDDDVDTKKQKTDEDD.	11977.90086	NME		0		1	Acetyl:[1-15]	-	93	67	1.85E-08	0	0	108sp|P06454-2|PTMA_HUMAN
E:/LYC/TopMG/26171/RM_20190801_NK_F2_02_ms2.msalign	3	109	CID	292	1077.16	199	14	11977.89785	11977.90785	6	-	-1000	-1	1	sp|P06454-2|PTMA_HUMAN	Isoform 2 of Prothymosin alpha OS=Homo sapiens OX=9606 GN=PTMA	2	110		SDAAVDTSSEITTKDLKEKKEVVEEAENGRDAPANGNANEENGEQEADNEVDEEEEEGGEEEEEEEEGDGEEEDGDEDEEAESATGKRAAEDDEDDDVDTKKQKTDEDD	M.[Acetyl]-SDAAVDTSSEITTKDLKEKKEVVEEAENGRDAPANGNANEENGEQEADNEVDEEEEEGGEEEEEEEEGDGEEEDGDEDEEAESATGKRAAEDDEDDDVDTKKQKTDEDD.	11977.90781	NME		0		1	Acetyl:[1]	-	68	51	1.62E-07	0	0	109sp|P06454-2|PTMA_HUMAN
E:/LYC/TopMG/26171/RM_20190801_NK_F2_02_ms2.msalign	4	110	CID	294	3164.57	120	7	7462.68383	7462.68383	70	-	-1000	-1	3	sp|Q9UH99-2|SUN2_HUMAN	Isoform 2 of SUN domain-containing protein 2 OS=Homo sapiens OX=9606 GN=SUN2	2	70		SRRSQRLTRYSQGDDDGSSSSGGSSVAGSQSTLFKDSPLRTLKRKSSNMKRLSPAPQLGPSSDAHTSYY	M.SRR(SQRLTRYSQGD)[Acetyl]DDGSSSSGGSSVAGSQSTLFKDSPLRTLKRKSSNMKRLSPAPQLGPSSDAHTSYY.S	7462.683795	NME		0		1	Acetyl:[4-14]	-	41	33	3.12E-07	0	0	110sp|Q9UH99-2|SUN2_HUMAN
E:/LYC/TopMG/26171/RM_20190801_NK_F2_02_ms2.msalign	5	113	CID	298	1464.81	109	7	6585.43177	6585.46677	118	-	-1000	-1	3	sp|O15117|FYB1_HUMAN	FYN-binding protein 1 OS=Homo sapiens OX=9606 GN=FYB1 PE=1 SV=2	330	390		QEKEKGDKNSATPKQKPLPPLFTLGPPPPKPNRPPNVDLTKFHKTSSGNSTSKGQTSYSTT	S.QEKEKGDKNSATPKQKPLPPLFTLGPPPPKPNRPPNVDLTKFHKTSSGNSTSKGQTSYSTT.S	6585.425593	NONE		0		0		-	15	13	3.71E-05	0.008849558	0.012195122	113sp|O15117|FYB1_HUMAN
E:/LYC/TopMG/26171/RM_20190801_NK_F2_02_ms2.msalign	6	114	CID	300	1100.5	144	9	9510.88295	9510.90795	63	-	-1000	-1	1	sp|Q9UII2|ATIF1_HUMAN	"ATPase inhibitor, mitochondrial OS=Homo sapiens OX=9606 GN=ATP5IF1 PE=1 SV=1"	26	106		GSDQSENVDRGAGSIREAGGAFGKREQAEEERYFRAQSREQLAALKKHHEEEIVHHKKEIERLQKEIERHKQKIKMLKHDD	F.GSDQSENVDRGAGSIREAGGAFGKREQAEEERYFRAQSREQLAALKKHHEEEIVHHKKEIERLQKEIERHKQKIKMLKHDD.	9510.871759	NONE		0		0		-	63	49	1.53E-07	0	0	114sp|Q9UII2|ATIF1_HUMAN
E:/LYC/TopMG/26171/RM_20190801_NK_F2_02_ms2.msalign	7	115	CID	301	1738.27	158	11	9510.88622	9510.94122	63	-	-1000	-1	1	sp|Q9UII2|ATIF1_HUMAN	"ATPase inhibitor, mitochondrial OS=Homo sapiens OX=9606 GN=ATP5IF1 PE=1 SV=1"	26	106		GSDQSENVDRGAGSIREAGGAFGKREQAEEERYFRAQSREQLAALKKHHEEEIVHHKKEIERLQKEIERHKQKIKMLKHDD	F.GSDQSENVDRGAGSIREAGGAFGKREQAEEERYFRAQSREQLAALKKHHEEEIVHHKKEIERLQKEIERHKQKIKMLKHDD.	9510.871759	NONE		0		0		-	32	27	3.17E-07	0	0	115sp|Q9UII2|ATIF1_HUMAN
E:/LYC/TopMG/26171/RM_20190801_NK_F2_02_ms2.msalign	8	117	CID	304	1802.52	157	9	9453.85588	9453.87088	64	-	-1000	-1	1	sp|Q9UII2|ATIF1_HUMAN	"ATPase inhibitor, mitochondrial OS=Homo sapiens OX=9606 GN=ATP5IF1 PE=1 SV=1"	27	106		SDQSENVDRGAGSIREAGGAFGKREQAEEERYFRAQSREQLAALKKHHEEEIVHHKKEIERLQKEIERHKQKIKMLKHDD	G.SDQSENVDRGAGSIREAGGAFGKREQAEEERYFRAQSREQLAALKKHHEEEIVHHKKEIERLQKEIERHKQKIKMLKHDD.	9453.850296	NONE		0		0		-	28	25	2.39E-06	0	0	117sp|Q9UII2|ATIF1_HUMAN
E:/LYC/TopMG/26171/RM_20190801_NK_F2_02_ms2.msalign	9	120	CID	309	1126.91	150	8	9510.87201	9510.89201	63	-	-1000	-1	1	sp|Q9UII2|ATIF1_HUMAN	"ATPase inhibitor, mitochondrial OS=Homo sapiens OX=9606 GN=ATP5IF1 PE=1 SV=1"	26	106		GSDQSENVDRGAGSIREAGGAFGKREQAEEERYFRAQSREQLAALKKHHEEEIVHHKKEIERLQKEIERHKQKIKMLKHDD	F.GSDQSENVDRGAGSIREAGGAFGKREQAEEERYFRAQSREQLAALKKHHEEEIVHHKKEIERLQKEIERHKQKIKMLKHDD.	9510.871759	NONE		0		0		-	55	46	8.78E-07	0	0	120sp|Q9UII2|ATIF1_HUMAN
E:/LYC/TopMG/26171/RM_20190801_NK_F2_02_ms2.msalign	10	123	CID	313	2676.57	158	10	9510.87801	9510.90801	63	-	-1000	-1	1	sp|Q9UII2|ATIF1_HUMAN	"ATPase inhibitor, mitochondrial OS=Homo sapiens OX=9606 GN=ATP5IF1 PE=1 SV=1"	26	106		GSDQSENVDRGAGSIREAGGAFGKREQAEEERYFRAQSREQLAALKKHHEEEIVHHKKEIERLQKEIERHKQKIKMLKHDD	F.GSDQSENVDRGAGSIREAGGAFGKREQAEEERYFRAQSREQLAALKKHHEEEIVHHKKEIERLQKEIERHKQKIKMLKHDD.	9510.871759	NONE		0		0		-	37	31	9.09E-07	0	0	123sp|Q9UII2|ATIF1_HUMAN
E:/LYC/TopMG/26171/RM_20190801_NK_F2_02_ms2.msalign	11	159	CID	379	1343.19	141	12	9587.81046	9587.83546	81	-	-1000	-1	1	sp|P26038|MOES_HUMAN	Moesin OS=Homo sapiens OX=9606 GN=MSN PE=1 SV=3	496	577		ADAMAKDRSEEERTTEAEKNERVQKHLKALTSELANARDESKKTANDMIHAENMRLGRDKYKTLRQIRQGNTKQRIDEFESM	R.ADAMAKDRSEEERTTEAEKNERVQKHLKALTSELANARDESKKTANDMIHAENMRLGRDKYKTLRQIRQGNTKQRIDEFESM.	9587.797929	NONE		0		0		-	23	21	1.28E-05	0.00990099	0	159sp|P26038|MOES_HUMAN
E:/LYC/TopMG/26171/RM_20190801_NK_F2_02_ms2.msalign	12	160	CID	381	1349.86	145	11	9587.80747	9587.82747	81	-	-1000	-1	1	sp|P26038|MOES_HUMAN	Moesin OS=Homo sapiens OX=9606 GN=MSN PE=1 SV=3	496	577		ADAMAKDRSEEERTTEAEKNERVQKHLKALTSELANARDESKKTANDMIHAENMRLGRDKYKTLRQIRQGNTKQRIDEFESM	R.ADAMAKDRSEEERTTEAEKNERVQKHLKALTSELANARDESKKTANDMIHAENMRLGRDKYKTLRQIRQGNTKQRIDEFESM.	9587.797929	NONE		0		0		-	53	44	1.02E-06	0	0	160sp|P26038|MOES_HUMAN
E:/LYC/TopMG/26171/RM_20190801_NK_F2_02_ms2.msalign	13	161	CID	382	1352.41	142	9	9587.80787	9587.81787	81	-	-1000	-1	1	sp|P26038|MOES_HUMAN	Moesin OS=Homo sapiens OX=9606 GN=MSN PE=1 SV=3	496	577		ADAMAKDRSEEERTTEAEKNERVQKHLKALTSELANARDESKKTANDMIHAENMRLGRDKYKTLRQIRQGNTKQRIDEFESM	R.ADAMAKDRSEEERTTEAEKNERVQKHLKALTSELANARDESKKTANDMIHAENMRLGRDKYKTLRQIRQGNTKQRIDEFESM.	9587.797929	NONE		0		0		-	38	37	1.02E-06	0	0	161sp|P26038|MOES_HUMAN
E:/LYC/TopMG/26171/RM_20190801_NK_F2_02_ms2.msalign	14	164	CID	387	4196.94	130	8	9510.88622	9510.89622	63	-	-1000	-1	1	sp|Q9UII2|ATIF1_HUMAN	"ATPase inhibitor, mitochondrial OS=Homo sapiens OX=9606 GN=ATP5IF1 PE=1 SV=1"	26	106		GSDQSENVDRGAGSIREAGGAFGKREQAEEERYFRAQSREQLAALKKHHEEEIVHHKKEIERLQKEIERHKQKIKMLKHDD	F.GSDQSENVDRGAGSIREAGGAFGKREQAEEERYFRAQSREQLAALKKHHEEEIVHHKKEIERLQKEIERHKQKIKMLKHDD.	9510.871759	NONE		0		0		-	17	16	7.02E-07	0	0	164sp|Q9UII2|ATIF1_HUMAN
E:/LYC/TopMG/26171/RM_20190801_NK_F2_02_ms2.msalign	15	168	CID	393	1388.26	177	14	11590.15783	11590.16783	87	-	-1000	-1	2	sp|Q7Z7F7|RM55_HUMAN	Large ribosomal subunit protein mL55 OS=Homo sapiens OX=9606 GN=MRPL55 PE=1 SV=1	34	128		DSSRASLTRVHRQAYARLYPVLLVKQDGSTIHIRYREPRRMLAMPIDLDTLSPEERRARLRKREAQLQSRKEYEQELSDDLHVERYRQFWTRTKK	A.DSSRASLTRVHRQAYARLYPVLLVKQDGSTIHIRYREPRRMLAMPIDLDTLSPEERRARLRKREAQLQSRKEYEQELSDDLHVERYRQFWTRTKK.	11590.14855	NONE		0		0		-	18	19	1.75E-06	0	0	168sp|Q7Z7F7|RM55_HUMAN
E:/LYC/TopMG/26171/RM_20190801_NK_F2_02_ms2.msalign	16	171	CID	399	4738.56	135	7	8134.28359	8134.30359	66	-	-1000	-1	1	sp|Q9Y5V0|ZN706_HUMAN	Zinc finger protein 706 OS=Homo sapiens OX=9606 GN=ZNF706 PE=1 SV=1	4	76		GQQKIQSQQKNAKKQAGQKKKQGHDQKAAAKAALIYTCTVCRTQMPDPKTFKQHFESKHPKTPLPPELADVQA	R.GQQKIQSQQKNAKKQAGQKKKQGHDQKAAAKAALIYTCTVCRTQMPDPKTFKQHFESKHPKTPLPPELADVQA.	8134.26841	NONE		0		0		-	27	21	3.93E-07	0	0	171sp|Q9Y5V0|ZN706_HUMAN
E:/LYC/TopMG/26171/RM_20190801_NK_F2_02_ms2.msalign	17	172	CID	400	1409.97	123	8	8134.27914	8134.28414	66	-	-1000	-1	1	sp|Q9Y5V0|ZN706_HUMAN	Zinc finger protein 706 OS=Homo sapiens OX=9606 GN=ZNF706 PE=1 SV=1	4	76		GQQKIQSQQKNAKKQAGQKKKQGHDQKAAAKAALIYTCTVCRTQMPDPKTFKQHFESKHPKTPLPPELADVQA	R.GQQKIQSQQKNAKKQAGQKKKQGHDQKAAAKAALIYTCTVCRTQMPDPKTFKQHFESKHPKTPLPPELADVQA.	8134.26841	NONE		0		0		-	21	19	1.70E-07	0	0	172sp|Q9Y5V0|ZN706_HUMAN
E:/LYC/TopMG/26171/RM_20190801_NK_F2_02_ms2.msalign	18	183	CID	423	4147.72	127	7	8081.70284	8081.71284	11	-	-1000	-1	1	sp|P63173|RL38_HUMAN	Large ribosomal subunit protein eL38 OS=Homo sapiens OX=9606 GN=RPL38 PE=1 SV=2	2	70		PRKIEEIKDFLLTARRKDAKSVKIKKNKDNVKFKVRCSRYLYTLVITDKEKAEKLKQSLPPGLAVKELK	M.PRKIEEIKDFLLTARRKDAKSVKIKKNKDNVKFKVRCSRYLYTLVITDKEKAEKLKQSLPPGLAVKELK.	8081.691536	NME		0		0		-	10	10	4.71E-08	0	0	183sp|P63173|RL38_HUMAN
E:/LYC/TopMG/26171/RM_20190801_NK_F2_02_ms2.msalign	19	184	CID	424	1828.76	126	8	8081.69451	8081.70451	11	-	-1000	-1	1	sp|P63173|RL38_HUMAN	Large ribosomal subunit protein eL38 OS=Homo sapiens OX=9606 GN=RPL38 PE=1 SV=2	2	70		PRKIEEIKDFLLTARRKDAKSVKIKKNKDNVKFKVRCSRYLYTLVITDKEKAEKLKQSLPPGLAVKELK	M.PRKIEEIKDFLLTARRKDAKSVKIKKNKDNVKFKVRCSRYLYTLVITDKEKAEKLKQSLPPGLAVKELK.	8081.691536	NME		0		0		-	16	13	5.72E-09	0	0	184sp|P63173|RL38_HUMAN
E:/LYC/TopMG/26171/RM_20190801_NK_F2_02_ms2.msalign	20	185	CID	427	1495.28	154	13	9814.44245	9814.46745	45	-	-1000	-1	1	sp|O60869|EDF1_HUMAN	Endothelial differentiation-related factor 1 OS=Homo sapiens OX=9606 GN=EDF1 PE=1 SV=1	61	148		LDRETEELHHDRVTLEVGKVIQQGRQSKGLTQKDLATKINEKPQVIADYESGRAIPNNQVLGKIERAIGLKLRGKDIGKPIEKGPRAK	K.LDRETEELHHDRVTLEVGKVIQQGRQSKGLTQKDLATKINEKPQVIADYESGRAIPNNQVLGKIERAIGLKLRGKDIGKPIEKGPRAK.	9814.431456	NONE		0		0		-	22	16	2.95E-08	0	0	185sp|O60869|EDF1_HUMAN
E:/LYC/TopMG/26171/RM_20190801_NK_F2_02_ms2.msalign	21	198	CID	450	1566.31	128	10	8081.69294	8081.72794	11	-	-1000	-1	1	sp|P63173|RL38_HUMAN	Large ribosomal subunit protein eL38 OS=Homo sapiens OX=9606 GN=RPL38 PE=1 SV=2	2	70		PRKIEEIKDFLLTARRKDAKSVKIKKNKDNVKFKVRCSRYLYTLVITDKEKAEKLKQSLPPGLAVKELK	M.PRKIEEIKDFLLTARRKDAKSVKIKKNKDNVKFKVRCSRYLYTLVITDKEKAEKLKQSLPPGLAVKELK.	8081.691536	NME		0		0		-	22	18	5.44E-09	0	0	198sp|P63173|RL38_HUMAN
E:/LYC/TopMG/26171/RM_20190801_NK_F2_02_ms2.msalign	22	210	CID	472	1630.78	101	7	6371.7794	6371.8244	123	-	-1000	-1	2	sp|Q9BWU1|CDK19_HUMAN	Cyclin-dependent kinase 19 OS=Homo sapiens OX=9606 GN=CDK19 PE=1 SV=1	443	502		GPSGANSGGPVMPSDYQHSSSRLNYQSSVQGSSQSQSTLGYSSSSQQSSQYHPSHQAHRY	L.GPSGANSGGPVMPSDYQHSSSRLNYQSSVQGSSQSQSTLGYSSSSQQSSQYHPSHQAHRY.	6371.820797	NONE		0		0		-	4	4	4.53E-05	0.008547009	0.011904762	210sp|Q9BWU1|CDK19_HUMAN
E:/LYC/TopMG/26171/RM_20190801_NK_F2_02_ms2.msalign	23	211	CID	474	1637.83	200	15	12440.7464	12440.7664	46	-	-1000	-1	1	sp|P18077|RL35A_HUMAN	Large ribosomal subunit protein eL33 OS=Homo sapiens OX=9606 GN=RPL35A PE=1 SV=2	2	110		SGRLWSKAIFAGYKRGLRNQREHTALLKIEGVYARDETEFYLGKRCAYVYKAKNNTVTPGGKPNKTRVIWGKVTRAHGNSGMVRAKFRSNLPAKAIGHRIRVMLYPSRI	M.(SGRLWSK)[Acetyl]AIFAGYKRGLRNQREHTALLKIEGVYARDETEFYLGKRCAYVYKAKNNTVTPGGKPNKTRVIWGKVTRAHGNSGMVRAKFRSNLPAKAIGHRIRVMLYPSRI.	12440.76636	NME		0		1	Acetyl:[1-7]	-	42	31	3.99E-08	0	0	211sp|P18077|RL35A_HUMAN
E:/LYC/TopMG/26171/RM_20190801_NK_F2_02_ms2.msalign	24	213	CID	477	1646.45	180	16	11500.99063	11501.00563	112	-	-1000	-1	1	sp|P82909|KGD4_HUMAN	Alpha-ketoglutarate dehydrogenase component 4 OS=Homo sapiens OX=9606 GN=KGD4 PE=1 SV=2	1	103		MMGSKMASASRVVQVVKPHTPLIRFPDRRDNPKPNVSEALRSAGLPSHSSVISQHSKGSKSPDLLMYQGPPDTAEIIKTLPQKYRRKLVSQEEMEFIQRGGPE	.[Acetyl]-MMGSKMASASRVVQVVKPHTPLIRFPDRRDNPKPNVSEALRSAGLPSHSSVISQHSKGSKSPDLLMYQGPPDTAEIIKTLPQKYRRKLVSQEEMEFIQRGGPE.	11501.00559	NONE		0		1	Acetyl:[1]	-	29	23	1.79E-05	0.009345794	0.013157895	213sp|P82909|KGD4_HUMAN
E:/LYC/TopMG/26171/RM_20190801_NK_F2_02_ms2.msalign	25	227	CID	513	1911.51	109	6	6930.61548	6930.61548	111	-	-1000	-1	2	sp|Q00839|HNRPU_HUMAN	Heterogeneous nuclear ribonucleoprotein U OS=Homo sapiens OX=9606 GN=HNRNPU PE=1 SV=6	2	65		SSSPVNVKKLKVSELKEELKKRRLSDKGLKAELMERLQAALDDEEAGGRPAMEPGNGSLDLGGD	M.(SSSPVNVKKLKVSELKEELKKRRLSD)[Acetyl]KGLKAELMERLQAALDDEEAGGRPAMEPGNGSLDLGGD.S	6930.615445	NME		0		1	Acetyl:[1-26]	-	21	20	1.67E-05	0.009433962	0.013333333	227sp|Q00839|HNRPU_HUMAN
E:/LYC/TopMG/26171/RM_20190801_NK_F2_02_ms2.msalign	26	228	CID	514	2426.52	84	5	5059.29131	5059.31131	60	-	-1000	-1	3	sp|Q14247-2|SRC8_HUMAN	Isoform 2 of Src substrate cortactin OS=Homo sapiens OX=9606 GN=CTTN	1	46		MWKASAGHAVSIAQDDAGADDWETDPDFVNDVSEKEQRWGAKTVQG	.(MWKASAGHAV)[Acetyl]SIAQDDAGADDWETDPDFVNDVSEKEQRWGAKTVQG.S	5059.311275	NONE		0		1	Acetyl:[1-10]	-	20	19	1.08E-07	0	0	228sp|Q14247-2|SRC8_HUMAN
E:/LYC/TopMG/26171/RM_20190801_NK_F2_02_ms2.msalign	27	257	CID	568	1891.89	167	10	10513.20434	10513.21434	124	-	-1000	-1	1	sp|P61956|SUMO2_HUMAN	Small ubiquitin-related modifier 2 OS=Homo sapiens OX=9606 GN=SUMO2 PE=1 SV=3	2	93		ADEKPKEGVKTENNDHINLKVAGQDGSVVQFKIKRHTPLSKLMKAYCERQGLSMRQIRFRFDGQPINETDTPAQLEMEDEDTIDVFQQQTGG	M.(ADEKPKE)[Acetyl]GVKTENNDHINLKVAGQDGSVVQFKIKRHTPLSKLMKAYCERQGLSMRQIRFRFDGQPINETDTPAQLEMEDEDTIDVFQQQTGG.V	10513.2143	NME		0		1	Acetyl:[1-7]	-	44	36	5.29E-05	0.008403361	0.011627907	257sp|P61956|SUMO2_HUMAN
E:/LYC/TopMG/26171/RM_20190801_NK_F2_02_ms2.msalign	28	267	CID	588	1948.52	145	8	9285.84539	9285.85039	89	-	-1000	-1	1	sp|P02775|CXCL7_HUMAN	Platelet basic protein OS=Homo sapiens OX=9606 GN=PPBP PE=1 SV=3	44	128		NLAKGKEESLDSDLYAELRCMCIKTTSGIHPKNIQSLEVIGKGTHCNQVEVIATLKDGRKICLDPDAPRIKKIVQKKLAGDESAD	R.NLAKGKEESLDSDLYAELRCMCIKTTSGIHPKNIQSLEVIGKGTHCNQVEVIATLKDGRKICLDPDAPRIKKIVQKKLAGDESAD.	9285.844834	NONE		0		0		-	36	28	2.23E-06	0	0	267sp|P02775|CXCL7_HUMAN
E:/LYC/TopMG/26171/RM_20190801_NK_F2_02_ms2.msalign	29	268	CID	589	1950.4	129	12	8559.62314	8559.62814	71	-	-1000	-1	4	sp|P0CG47|UBB_HUMAN	Polyubiquitin-B OS=Homo sapiens OX=9606 GN=UBB PE=1 SV=1	1	76		MQIFVKTLTGKTITLEVEPSDTIENVKAKIQDKEGIPPDQQRLIFAGKQLEDGRTLSDYNIQKESTLHLVLRLRGG	.MQIFVKTLTGKTITLEVEPSDTIENVKAKIQDKEGIPPDQQRLIFAGKQLEDGRTLSDYNIQKESTLHLVLRLRGG.M	8559.616712	NONE		0		0		-	46	33	3.21E-07	0	0	268sp|P0CG47|UBB_HUMAN
E:/LYC/TopMG/26171/RM_20190801_NK_F2_02_ms2.msalign	30	271	CID	595	1966.34	104	8	10513.20033	10513.19533	124	-	-1000	-1	1	sp|P61956|SUMO2_HUMAN	Small ubiquitin-related modifier 2 OS=Homo sapiens OX=9606 GN=SUMO2 PE=1 SV=3	2	93		ADEKPKEGVKTENNDHINLKVAGQDGSVVQFKIKRHTPLSKLMKAYCERQGLSMRQIRFRFDGQPINETDTPAQLEMEDEDTIDVFQQQTGG	M.(AD)[Acetyl]EKPKEGVKTENNDHINLKVAGQDGSVVQFKIKRHTPLSKLMKAYCERQGLSMRQIRFRFDGQPINETDTPAQLEMEDEDTIDVFQQQTGG.V	10513.19529	NME		0		1	Acetyl:[1-2]	-	14	14	8.67E-05	0.008064516	0.011627907	271sp|P61956|SUMO2_HUMAN
E:/LYC/TopMG/26171/RM_20190801_NK_F2_02_ms2.msalign	31	321	CID	694	2924.33	257	14	15919.47102	15919.47602	85	-	-1000	-1	1	sp|P39019|RS19_HUMAN	Small ribosomal subunit protein eS19 OS=Homo sapiens OX=9606 GN=RPS19 PE=1 SV=2	2	145		PGVTVKDVNQQEFVRALAAFLKKSGKLKVPEWVDTVKLAKHKELAPYDENWFYTRAASTARHLYLRGGAGVGSMTKIYGGRQRNGVMPSHFSRGSKSVARRVLQALEGLKMVEKDQDGGRKLTPQGQRDLDRIAGQVAAANKKH	M.PGVTVKDVNQQEFVRALAAFLKKSGKLKVPEWVDTVKLAKHKELAPYDENWFYTRAASTARHLYLRGGAGVGSMTKIYGGRQRNGVMPSHFSRGSKSVARRVLQALEGLKMVEKDQDGGRKLTPQGQRDLDRIAGQVAAANKKH.	15919.49456	NME		0		0		-	18	19	1.29E-06	0	0	321sp|P39019|RS19_HUMAN
E:/LYC/TopMG/26171/RM_20190801_NK_F2_02_ms2.msalign	32	328	CID	706	3060.34	174	9	10472.50688	10472.81688	18	-	-1000	-1	1	sp|P69905|HBA_HUMAN	Hemoglobin subunit alpha OS=Homo sapiens OX=9606 GN=HBA1 PE=1 SV=2	47	142		FDLSHGSAQVKGHGKKVADALTNAVAHVDDMPNALSALSDLHAHKLRVDPVNFKLLSHCLLVTLAAHLPAEFTPAVHASLDKFLASVSTVLTSKYR	H.(FDLSHGSAQVKGHGKKVADALTNAV)[Dimethyl;Phospho;Phospho;Acetyl]AHVDDMPNALSALSDLHAHKLRVDPVNFKLLSHCLLVTLAAHLPAEFTPAVHASLDKFLASVSTVLTSKYR.	10472.81684	NONE		0		4	Dimethyl;Phospho;Phospho;Acetyl:[1-25]	-	36	31	2.54E-05	0.009090909	0.012658228	328sp|P69905|HBA_HUMAN
E:/LYC/TopMG/26171/RM_20190801_NK_F2_02_ms2.msalign	33	335	CID	717	2403.79	193	9	11737.73792	11737.81792	73	-	-1000	-1	1	sp|P61769|B2MG_HUMAN	Beta-2-microglobulin OS=Homo sapiens OX=9606 GN=B2M PE=1 SV=1	21	119		IQRTPKIQVYSRHPAENGKSNFLNCYVSGFHPSDIEVDLLKNGERIEKVEHSDLSFSKDWSFYLLYYTEFTPTEKDEYACRVNHVTLSQPKIVKWDRDM	A.IQRTPKIQVYSRHPAENGKSNFLNCYVSGFHPSDIEVDLLKNGERIEKVEHSDLSFSKDWSFYLLYYTEFTPTEKDEYACRVNHVTLSQPKIVKWD(RDM)[Methyl].	11737.81788	NONE		0		1	Methyl:[97-99]	-	73	59	5.77E-05	0.008333333	0.011494253	335sp|P61769|B2MG_HUMAN
E:/LYC/TopMG/26171/RM_20190801_NK_F2_02_ms2.msalign	34	339	CID	723	2295.11	181	15	11812.045	11812.075	109	-	-1000	-1	1	sp|P62942|FKB1A_HUMAN	Peptidyl-prolyl cis-trans isomerase FKBP1A OS=Homo sapiens OX=9606 GN=FKBP1A PE=1 SV=2	2	108		GVQVETISPGDGRTFPKRGQTCVVHYTGMLEDGKKFDSSRDRNKPFKFMLGKQEVIRGWEEGVAQMSVGQRAKLTISPDYAYGATGHPGIIPPHATLVFDVELLKLE	M.GVQVETISPGDGRTFPKRGQTCVVHYTGMLEDGKKFDSSRDRNKPFKFMLGKQEVIRGWEEGVAQMSVGQRAKLTISPDYAYGATGHPGIIPPHATLVFDVELLKLE.	11812.04363	NME		0		0		-	20	16	1.12E-05	0.01	0.01369863	339sp|P62942|FKB1A_HUMAN
E:/LYC/TopMG/26171/RM_20190801_NK_F2_02_ms2.msalign	35	346	CID	738	2333.23	189	10	11720.7614	11720.8064	128	-	-1000	-1	1	sp|P26447|S10A4_HUMAN	Protein S100-A4 OS=Homo sapiens OX=9606 GN=S100A4 PE=1 SV=1	1	101		MACPLEKALDVMVSTFHKYSGKEGDKFKLNKSELKELLTRELPSFLGKRTDEAAFQKLMSNLDSNRDNEVDFQEYCVFLSCIAMMCNEFFEGFPDKQPRKK	.MACPLEKALDVMVSTFHKYSGKEGDKFKLNKSELKELLTRELPSFLGKRTDEAAFQKLMSNLDSNRDNEVDFQEYCVFLSCIAMMCNEFFEGFPDKQPRKK.	11720.73206	NONE		0		0		-	8	7	0.00012399	0.007874016	0.010869565	346sp|P26447|S10A4_HUMAN
E:/LYC/TopMG/26171/RM_20190801_NK_F2_02_ms2.msalign	36	351	CID	750	2358.78	174	8	10835.8321	10835.8571	8	-	-1000	-1	1	sp|P61604|CH10_HUMAN	"10 kDa heat shock protein, mitochondrial OS=Homo sapiens OX=9606 GN=HSPE1 PE=1 SV=2"	2	102		AGQAFRKFLPLFDRVLVERSAAETVTKGGIMLPEKSQGKVLQATVVAVGSGSKGKGGEIQPVSVKVGDKVLLPEYGGTKVVLDDKDYFLFRDGDILGKYVD	M.(AGQAFRKFLPLFD)[Acetyl]RVLVERSAAETVTKGGIMLPEKSQGKVLQATVVAVGSGSKGKGGEIQPVSVKVGDKVLLPEYGGTKVVLDDKDYFLFRDGDILGKYVD.	10835.85706	NME		0		1	Acetyl:[1-13]	-	70	60	4.22E-09	0	0	351sp|P61604|CH10_HUMAN
E:/LYC/TopMG/26171/RM_20190801_NK_F2_02_ms2.msalign	37	356	CID	762	2387.82	124	7	7797.28316	7797.32816	68	-	-1000	-1	1	sp|P56385|ATP5I_HUMAN	"ATP synthase subunit e, mitochondrial OS=Homo sapiens OX=9606 GN=ATP5ME PE=1 SV=2"	2	69		VPPVQVSPLIKLGRYSALFLGVAYGATRYNYLKPRAEEERRIAAEEKKKQDELKRIARELAEDDSILK	M.VPPVQVSPLIKLGRYSALFLGVAYGATRYNYLKPRAEEERRIAAEEKKKQDELKRIARELAEDDSILK.	7797.285011	NME		0		0		-	21	16	1.96E-07	0	0	356sp|P56385|ATP5I_HUMAN
E:/LYC/TopMG/26171/RM_20190801_NK_F2_02_ms2.msalign	38	357	CID	763	2389.61	177	15	10933.92699	10933.94699	9	-	-1000	-1	1	sp|P61604|CH10_HUMAN	"10 kDa heat shock protein, mitochondrial OS=Homo sapiens OX=9606 GN=HSPE1 PE=1 SV=2"	2	102		AGQAFRKFLPLFDRVLVERSAAETVTKGGIMLPEKSQGKVLQATVVAVGSGSKGKGGEIQPVSVKVGDKVLLPEYGGTKVVLDDKDYFLFRDGDILGKYVD	M.[Acetyl]-AGQAFRKFLPLFDRVLVERSAAETVT(KGGIMLPEKSQGKVLQATV)[Methyl;Acetyl;Acetyl]VAVGSGSKGKGGEIQPVSVKVGDKVLLPEYGGTKVVLDDKDYFLFRDGDILGKYVD.	10933.94695	NME		0		4	Acetyl:[1];Methyl;Acetyl;Acetyl:[27-45]	-	35	31	6.33E-09	0	0	357sp|P61604|CH10_HUMAN
E:/LYC/TopMG/26171/RM_20190801_NK_F2_02_ms2.msalign	39	359	CID	771	2408.12	209	17	13432.95586	13432.98086	67	-	-1000	-1	1	sp|P14927|QCR7_HUMAN	Cytochrome b-c1 complex subunit 7 OS=Homo sapiens OX=9606 GN=UQCRB PE=1 SV=2	2	111		AGKQAVSASGKWLDGIRKWYYNAAGFNKLGLMRDDTIYEDEDVKEAIRRLPENLYNDRMFRIKRALDLNLKHQILPKEQWTKYEEENFYLEPYLKEVIRERKEREEWAKK	M.[Acetyl]-AGKQAVSASGKWLDGIRKWYYNAAGFNKLGLMRDDTIYEDEDVKEAIRRLPENLYNDRMFRIKRALDLNLKHQILPKEQWTKYEEENFYLEPYLKEVIRERKEREEWAKK.	13432.98082	NME		0		1	Acetyl:[1]	-	41	34	1.91E-07	0	0	359sp|P14927|QCR7_HUMAN
E:/LYC/TopMG/26171/RM_20190801_NK_F2_02_ms2.msalign	40	366	CID	787	2442.61	130	8	8573.61989	8573.62489	36	-	-1000	-1	1	sp|P09669|COX6C_HUMAN	Cytochrome c oxidase subunit 6C OS=Homo sapiens OX=9606 GN=COX6C PE=1 SV=2	3	75		PEVLPKPRMRGLLARRLRNHMAVAFVLSLGVAALYKFRVADQRKKAYADFYRNYDVMKDFEEMRKAGIFQSVK	A.PEVLPKPRMRGLLARRLRNHMAVAFVLSLGVAALYKFRVADQRKKAYADFYRNYDVMKDFEEMRKAGIFQSVK.	8573.612275	NONE		0		0		-	10	10	7.92E-09	0	0	366sp|P09669|COX6C_HUMAN
E:/LYC/TopMG/26171/RM_20190801_NK_F2_02_ms2.msalign	41	379	CID	819	2519.08	183	10	11252.84292	11252.89792	114	-	-1000	-1	3	sp|P07910-4|HNRPC_HUMAN	Isoform 4 of Heterogeneous nuclear ribonucleoproteins C1/C2 OS=Homo sapiens OX=9606 GN=HNRNPC	2	105		ASNVTNKTDPRSMNSRVFIGNLNTLVVKKSDVEAIFSKYGKIVGCSVHKGFAFVQYVNERNARAAVAGEDGRMIAGQVLDINLAAEPKVNRGKAGVKRSAAEMY	M.(ASNVTNKTD)[Acetyl]PRSMNSRVFIGNLNTLVVKKSDVEAIFSKYGKIVGCSVHKGFAFVQYVNERNARAAVAGEDGRMIAGQVLDINLAAEPKVNRGKAGVKRSAAEMY.G	11252.89788	NME		0		1	Acetyl:[1-9]	-	28	23	4.18E-05	0.008695652	0.012987013	379sp|P07910-4|HNRPC_HUMAN
E:/LYC/TopMG/26171/RM_20190801_NK_F2_02_ms2.msalign	42	380	CID	820	2520.72	174	11	11252.84546	11252.90046	114	-	-1000	-1	3	sp|P07910-4|HNRPC_HUMAN	Isoform 4 of Heterogeneous nuclear ribonucleoproteins C1/C2 OS=Homo sapiens OX=9606 GN=HNRNPC	2	105		ASNVTNKTDPRSMNSRVFIGNLNTLVVKKSDVEAIFSKYGKIVGCSVHKGFAFVQYVNERNARAAVAGEDGRMIAGQVLDINLAAEPKVNRGKAGVKRSAAEMY	M.(ASNVTNKTD)[Acetyl]PRSMNSRVFIGNLNTLVVKKSDVEAIFSKYGKIVGCSVHKGFAFVQYVNERNARAAVAGEDGRMIAGQVLDINLAAEPKVNRGKAGVKRSAAEMY.G	11252.90042	NME		0		1	Acetyl:[1-9]	-	20	20	2.19E-05	0.009259259	0.012987013	380sp|P07910-4|HNRPC_HUMAN
E:/LYC/TopMG/26171/RM_20190801_NK_F2_02_ms2.msalign	43	387	CID	837	3126.19	193	13	11723.7868	11723.8118	72	-	-1000	-1	1	sp|P61769|B2MG_HUMAN	Beta-2-microglobulin OS=Homo sapiens OX=9606 GN=B2M PE=1 SV=1	21	119		IQRTPKIQVYSRHPAENGKSNFLNCYVSGFHPSDIEVDLLKNGERIEKVEHSDLSFSKDWSFYLLYYTEFTPTEKDEYACRVNHVTLSQPKIVKWDRDM	A.IQRTPKIQVYSRHPAENGKSNFLNCYVSGFHPSDIEVDLLKNGERIEKVEHSDLSFSKDWSFYLLYYTEFTPTEKDEYACRVNHVTLSQPKIVKWDRDM.	11723.78746	NONE		0		0		-	75	51	4.07E-07	0	0	387sp|P61769|B2MG_HUMAN
E:/LYC/TopMG/26171/RM_20190801_NK_F2_02_ms2.msalign	44	391	CID	843	2576.51	185	10	11723.78424	11723.78424	72	-	-1000	-1	1	sp|P61769|B2MG_HUMAN	Beta-2-microglobulin OS=Homo sapiens OX=9606 GN=B2M PE=1 SV=1	21	119		IQRTPKIQVYSRHPAENGKSNFLNCYVSGFHPSDIEVDLLKNGERIEKVEHSDLSFSKDWSFYLLYYTEFTPTEKDEYACRVNHVTLSQPKIVKWDRDM	A.IQRTPKIQVYSRHPAENGKSNFLNCYVSGFHPSDIEVDLLKNGERIEKVEHSDLSFSKDWSFYLLYYTEFTPTEKDEYACRVNHVTLSQPKIVKWDRDM.	11723.78746	NONE		0		0		-	69	57	3.69E-07	0	0	391sp|P61769|B2MG_HUMAN
E:/LYC/TopMG/26171/RM_20190801_NK_F2_02_ms2.msalign	45	397	CID	861	2618.02	221	10	13486.57359	13486.57359	76	-	-1000	-1	1	sp|P61978|HNRPK_HUMAN	Heterogeneous nuclear ribonucleoprotein K OS=Homo sapiens OX=9606 GN=HNRNPK PE=1 SV=1	340	463		SADETWDSAIDTWSPSEWQMAYEPQGGSGYDYSYAGGRGSYGDLGGPIITTQVTIPKDLAGSIIGKGGQRIKQIRHESGASIKIDEPLEGSEDRIITITGTQDQIQNAQYLLQNSVKQYSGKFF	F.SADETWDSAIDTWSPSEWQMAYEPQGGSGYDYSYAGGRGSYGDLGGPIITTQVTIPKDLAGSIIGKGGQRIKQIRHESGASIKIDEPLEGSEDRIITITGTQDQIQNAQYLLQNSVKQYSGKFF.	13486.59344	NONE		0		0		-	65	54	5.98E-07	0	0	397sp|P61978|HNRPK_HUMAN
E:/LYC/TopMG/26171/RM_20190801_NK_F2_02_ms2.msalign	46	412	CID	900	2707.35	187	14	12187.18558	12187.20058	5	-	-1000	-1	1	sp|Q9UJC5|SH3L2_HUMAN	SH3 domain-binding glutamic acid-rich-like protein 2 OS=Homo sapiens OX=9606 GN=SH3BGRL2 PE=1 SV=2	2	107		VIRVFIASSSGFVAIKKKQQDVVRFLEANKIEFEEVDITMSEEQRQWMYKNVPPEKKPTQGNPLPPQIFNGDRYCGDYDSFFESKESNTVFSFLGLKPRLASKAEP	M.VIRVFIASSSGFVAIKKKQQDVVRFLEANKIEFEEVDITMSEEQRQWMYKNVPPEKKPTQGNPLPPQIFNGDRYCGDYDSFFESKESNTVFSFLGLKPRLASKAEP.	12187.18598	NME		0		0		-	15	13	1.79E-06	0	0	412sp|Q9UJC5|SH3L2_HUMAN
E:/LYC/TopMG/26171/RM_20190801_NK_F2_02_ms2.msalign	47	414	CID	903	2713.32	188	11	12187.17323	12187.17823	5	-	-1000	-1	1	sp|Q9UJC5|SH3L2_HUMAN	SH3 domain-binding glutamic acid-rich-like protein 2 OS=Homo sapiens OX=9606 GN=SH3BGRL2 PE=1 SV=2	2	107		VIRVFIASSSGFVAIKKKQQDVVRFLEANKIEFEEVDITMSEEQRQWMYKNVPPEKKPTQGNPLPPQIFNGDRYCGDYDSFFESKESNTVFSFLGLKPRLASKAEP	M.VIRVFIASSSGFVAIKKKQQDVVRFLEANKIEFEEVDITMSEEQRQWMYKNVPPEKKPTQGNPLPPQIFNGDRYCGDYDSFFESKESNTVFSFLGLKPRLASKAEP.	12187.18598	NME		0		0		-	34	29	3.17E-09	0	0	414sp|Q9UJC5|SH3L2_HUMAN
E:/LYC/TopMG/26171/RM_20190801_NK_F2_02_ms2.msalign	48	418	CID	912	2733.68	165	11	10357.3557	10357.3657	93	-	-1000	-1	1	sp|P04406|G3P_HUMAN	Glyceraldehyde-3-phosphate dehydrogenase OS=Homo sapiens OX=9606 GN=GAPDH PE=1 SV=3	2	95		GKVKVGVNGFGRIGRLVTRAAFNSGKVDIVAINDPFIDLNYMVYMFQYDSTHGKFHGTVKAENGKLVINGNPITIFQERDPSKIKWGDAGAEYV	M.GKVKVGVNGFGRIGRLVTRAAFNSGKVDIVAINDPFIDLNYMVYMFQYDSTHGKFHGTVKAENGKLVINGNPITIFQERDPSKIKWGDAGAEYV.V	10357.35788	NME		0		0		-	25	20	2.24E-06	0	0	418sp|P04406|G3P_HUMAN
E:/LYC/TopMG/26171/RM_20190801_NK_F2_02_ms2.msalign	49	421	CID	916	2742.13	206	10	12757.65175	12757.69175	79	-	-1000	-1	1	sp|O75347|TBCA_HUMAN	Tubulin-specific chaperone A OS=Homo sapiens OX=9606 GN=TBCA PE=1 SV=3	2	108		ADPRVRQIKIKTGVVKRLVKEKVMYEKEAKQQEEKIEKMRAEDGENYDIKKQAEILQESRMMIPDCQRRLEAAYLDLQRILENEKDLEEAEEYKEARLVLDSVKLEA	M.(AD)[Acetyl]PRVRQIKIKTGVVKRLVKEKVMYEKEAKQQEEKIEKMRAEDGENYDIKKQAEILQESRMMIPDCQRRLEAAYLDLQRILENEKDLEEAEEYKEARLVLDSVKLEA.	12757.69171	NME		0		1	Acetyl:[1-2]	-	19	18	8.62E-07	0	0	421sp|O75347|TBCA_HUMAN
E:/LYC/TopMG/26171/RM_20190801_NK_F2_02_ms2.msalign	50	437	CID	948	2820.41	186	14	11870.24782	11870.26282	39	-	-1000	-1	1	sp|Q99417|MYCBP_HUMAN	c-Myc-binding protein OS=Homo sapiens OX=9606 GN=MYCBP PE=1 SV=3	2	103		AHYKAADSKREQFRRYLEKSGVLDTLTKVLVALYEEPEKPNSALDFLKHHLGAATPENPEIELLRLELAEMKEKYEAIVEENKKLKAKLAQYEPPQEEKRAE	M.(AHYKAADSKREQ)[Acetyl]FRRYLEKSGVLDTLTKVLVALYEEPEKPNSALDFLKHHLGAATPENPEIELLRLELAEMKEKYEAIVEENKKLKAKLAQYEPPQEEKRAE.	11870.26278	NME		0		1	Acetyl:[1-12]	-	42	33	1.12E-08	0	0	437sp|Q99417|MYCBP_HUMAN
E:/LYC/TopMG/26171/RM_20190801_NK_F2_02_ms2.msalign	51	441	CID	960	2847.16	227	11	14293.59549	14293.60549	110	-	-1000	-1	1	sp|Q9BX68|HINT2_HUMAN	Adenosine 5'-monophosphoramidase HINT2 OS=Homo sapiens OX=9606 GN=HINT2 PE=1 SV=1	31	163		AAGVTDGNEVAKAQQATPGGAAPTIFSRILDKSLPADILYEDQQCLVFRDVAPQAPVHFLVIPKKPIPRISQAEEEDQQLLGHLLLVAKQTAKAEGLGDGYRLVINDGKLGAQSVYHLHIHVLGGRQLQWPPG	G.AAGVTDGNEVAKAQQATPGGAAPTIFSRILDKSLPADILYEDQQCLVFRDVAPQAPVHFLVIPKKPIPRISQAEEEDQQLLGHLLLVAKQTAKAEGLGDGYRLVINDGKLGAQSVYHLHIHVLGGRQLQWPPG.	14293.60291	NONE		0		0		-	34	29	1.51E-05	0.009615385	0.013513514	441sp|Q9BX68|HINT2_HUMAN
E:/LYC/TopMG/26171/RM_20190801_NK_F2_02_ms2.msalign	52	448	CID	973	2874.61	229	20	14955.52266	14955.52766	49	-	-1000	-1	1	sp|P07737|PROF1_HUMAN	Profilin-1 OS=Homo sapiens OX=9606 GN=PFN1 PE=1 SV=2	2	140		AGWNAYIDNLMADGTCQDAAIVGYKDSPSVWAAVPGKTFVNITPAEVGVLVGKDRSSFYVNGLTLGGQKCSVIRDSLLQDGEFSMDLRTKSTGGAPTFNVTVTKTDKTLVLLMGKEGVHGGLINKKCYEMASHLRRSQY	M.(AGW)[Acetyl]NAYIDNLMADGTCQDAAIVGYKDSPSVWAAVPGKTFVNITPAEVGVLVGKDRSSFYVNGLTLGGQKCSVIRDSLLQDGEFSMDLRTKSTGGAPTFNVTVTKTDKTLVLLMGKEGVHGGLINKKCYEMASHLRRSQY.	14955.52762	NME		0		1	Acetyl:[1-3]	-	24	19	8.60E-05	0.008130081	0	448sp|P07737|PROF1_HUMAN
E:/LYC/TopMG/26171/RM_20190801_NK_F2_02_ms2.msalign	53	449	CID	975	2879.96	249	11	14955.50782	14955.52782	49	-	-1000	-1	1	sp|P07737|PROF1_HUMAN	Profilin-1 OS=Homo sapiens OX=9606 GN=PFN1 PE=1 SV=2	2	140		AGWNAYIDNLMADGTCQDAAIVGYKDSPSVWAAVPGKTFVNITPAEVGVLVGKDRSSFYVNGLTLGGQKCSVIRDSLLQDGEFSMDLRTKSTGGAPTFNVTVTKTDKTLVLLMGKEGVHGGLINKKCYEMASHLRRSQY	M.(AGW)[Acetyl]NAYIDNLMADGTCQDAAIVGYKDSPSVWAAVPGKTFVNITPAEVGVLVGKDRSSFYVNGLTLGGQKCSVIRDSLLQDGEFSMDLRTKSTGGAPTFNVTVTKTDKTLVLLMGKEGVHGGLINKKCYEMASHLRRSQY.	14955.52778	NME		0		1	Acetyl:[1-3]	-	88	64	4.15E-08	0	0	449sp|P07737|PROF1_HUMAN
E:/LYC/TopMG/26171/RM_20190801_NK_F2_02_ms2.msalign	54	452	CID	984	2903.62	244	13	14955.52228	14955.53228	49	-	-1000	-1	1	sp|P07737|PROF1_HUMAN	Profilin-1 OS=Homo sapiens OX=9606 GN=PFN1 PE=1 SV=2	2	140		AGWNAYIDNLMADGTCQDAAIVGYKDSPSVWAAVPGKTFVNITPAEVGVLVGKDRSSFYVNGLTLGGQKCSVIRDSLLQDGEFSMDLRTKSTGGAPTFNVTVTKTDKTLVLLMGKEGVHGGLINKKCYEMASHLRRSQY	M.(AGW)[Acetyl]NAYIDNLMADGTCQDAAIVGYKDSPSVWAAVPGKTFVNITPAEVGVLVGKDRSSFYVNGLTLGGQKCSVIRDSLLQDGEFSMDLRTKSTGGAPTFNVTVTKTDKTLVLLMGKEGVHGGLINKKCYEMASHLRRSQY.	14955.53224	NME		0		1	Acetyl:[1-3]	-	56	44	2.39E-06	0	0	452sp|P07737|PROF1_HUMAN
E:/LYC/TopMG/26171/RM_20190801_NK_F2_02_ms2.msalign	55	464	CID	1018	2975.25	163	8	9861.06685	9861.06685	47	-	-1000	-1	2	sp|P60709|ACTB_HUMAN	"Actin, cytoplasmic 1 OS=Homo sapiens OX=9606 GN=ACTB PE=1 SV=1"	288	375		DIRKDLYANTVLSGGTTMYPGIADRMQKEITALAPSTMKIKIIAPPERKYSVWIGGSILASLSTFQQMWISKQEYDESGPSIVHRKCF	V.DIRKDLYANTVLSGGTTMYPGIADRMQKEITALAPSTMKIKIIAPPERKYSVWIGGSILASLSTFQQMWISKQEYDESGPSIVHRKCF.	9861.069749	NONE		0		0		-	48	41	4.03E-08	0	0	464sp|P60709|ACTB_HUMAN
E:/LYC/TopMG/26171/RM_20190801_NK_F2_02_ms2.msalign	56	470	CID	1029	3123.14	95	6	6322.32833	6322.33833	3	-	-1000	-1	1	sp|Q96IX5|ATPMK_HUMAN	"ATP synthase membrane subunit K, mitochondrial OS=Homo sapiens OX=9606 GN=ATP5MK PE=1 SV=1"	2	58		AGPESDAQYQFTGIKKYFNSYTLTGRMNCVLATYGSIALIVLYFKLRSKKTPAVKAT	M.AGPESDAQYQFTGIKKYFNSYTLTGRMNCVLATYGSIALIVLYFKLRSKKTPAVKAT.	6322.332669	NME		0		0		-	33	28	6.44E-10	0	0	470sp|Q96IX5|ATPMK_HUMAN
E:/LYC/TopMG/26171/RM_20190801_NK_F2_02_ms2.msalign	57	472	CID	1032	3007.36	192	9	12336.13172	12336.16172	117	-	-1000	-1	1	sp|P14174|MIF_HUMAN	Macrophage migration inhibitory factor OS=Homo sapiens OX=9606 GN=MIF PE=1 SV=4	2	114		PMFIVNTNVPRASVPDGFLSELTQQLAQATGKPPQYIAVHVVPDQLMAFGGSSEPCALCSLHSIGKIGGAQNRSYSKLLCGLLAERLRISPDRVYINYYDMNAANVGWNNSTF	M.PMFIVNTNVPRASVPDGFLSELTQQLAQATGKPPQYIAVHVVPDQLMAFGGSSEPCALCSL(HSIGKIGGAQ)[Dimethyl](NRSYSKLLC)[Acetyl]GLLAERLRISPDRVYINYYDMNAANVGWNNSTF.A	12336.16168	NME		0		2	Dimethyl:[62-71];Acetyl:[72-80]	-	42	30	3.45E-05	0.008928571	0.012345679	472sp|P14174|MIF_HUMAN
E:/LYC/TopMG/26171/RM_20190801_NK_F2_02_ms2.msalign	58	480	CID	1044	3777.52	186	11	11536.82911	11536.83911	48	-	-1000	-1	2	sp|P60709|ACTB_HUMAN	"Actin, cytoplasmic 1 OS=Homo sapiens OX=9606 GN=ACTB PE=1 SV=1"	273	375		GIHETTFNSIMKCDVDIRKDLYANTVLSGGTTMYPGIADRMQKEITALAPSTMKIKIIAPPERKYSVWIGGSILASLSTFQQMWISKQEYDESGPSIVHRKCF	C.GIHETTFNSIMKCDVDIRKDLYANTVLSGGTTMYPGIADRMQKEITALAPSTMKIKIIAPPERKYSVWIGGSILASLSTFQQMWISKQEYDESGPSIVHRKCF.	11536.83956	NONE		0		0		-	29	27	6.95E-07	0	0	480sp|P60709|ACTB_HUMAN
E:/LYC/TopMG/26171/RM_20190801_NK_F2_02_ms2.msalign	59	483	CID	1050	4801.33	160	8	9612.73842	9612.73842	80	-	-1000	-1	1	sp|P12074|CX6A1_HUMAN	"Cytochrome c oxidase subunit 6A1, mitochondrial OS=Homo sapiens OX=9606 GN=COX6A1 PE=1 SV=4"	25	109		SSGAHGEEGSARMWKTLTFFVALPGVAVSMLNVYLKSHHGEHERPEFIAYPHLRIRTKPFPWGDGNHTLFHNPHVNPLPTGYEDE	M.SSGAHGEEGSARMWKTLTFFVALPGVAVSMLNVYLKSHHGEHERPEFIAYPHLRIRTKPFPWGDGNHTLFHNPHVNPLPTGYEDE.	9612.743161	NONE		0		0		-	49	40	9.23E-07	0	0	483sp|P12074|CX6A1_HUMAN
E:/LYC/TopMG/26171/RM_20190801_NK_F2_02_ms2.msalign	60	498	CID	1081	3112	213	17	13361.1594	13361.1744	84	-	-1000	-1	1	sp|Q16718|NDUA5_HUMAN	NADH dehydrogenase [ubiquinone] 1 alpha subcomplex subunit 5 OS=Homo sapiens OX=9606 GN=NDUFA5 PE=1 SV=3	2	116		AGVLKKTTGLVGLAVCNTPHERLRILYTKILDVLEEIPKNAAYRKYTEQITNEKLAMVKAEPDVKKLEDQLQGGQLEEVILQAEHELNLARKMREWKLWEPLVEEPPADQWKWPI	M.AGVLKKTTGLVGLAVCNTPHERLR(ILYTKILDVLEEIPKNAAYRKYTEQITNEKLAMVKAEPD)[Acetyl]VKKLEDQLQGGQLEEVILQAEHELNLARKMREWKLWEPLVEEPPADQWKWPI.	13361.17436	NME		0		1	Acetyl:[25-63]	-	32	27	1.19E-06	0	0	498sp|Q16718|NDUA5_HUMAN
E:/LYC/TopMG/26171/RM_20190801_NK_F2_02_ms2.msalign	61	501	CID	1086	3126.53	225	17	14482.76974	14482.77474	127	-	-1000	-1	1	sp|O15212|PFD6_HUMAN	Prefoldin subunit 6 OS=Homo sapiens OX=9606 GN=PFDN6 PE=1 SV=1	3	128		ELIQKKLQGEVEKYQQLQKDLSKSMSGRQKLEAQLTENNIVKEELALLDGSNVVFKLLGPVLVKQELGEARATVGKRLDYITAEIKRYESQLRDLERQSEQQRETLAQLQQEFQRAQAAKAGAPGK	A.(ELIQKKLQGEVEKYQQLQKDLSKSMSGRQKLEAQLTENNI)[Dimethyl;Acetyl;Acetyl]VKEELALLDGSNVVFKLLGPVLVKQELGE(ARATVGKRLDY)[Acetyl]I(TAEIKRYESQLRDLERQSEQQRETLAQLQQE)[Dimethyl]FQRAQAAKAGAPGK.A	14482.7747	NONE		0		5	Dimethyl;Acetyl;Acetyl:[1-40];Acetyl:[70-80];Dimethyl:[82-112]	-	30	24	0.000106034	0.007936508	0.010989011	501sp|O15212|PFD6_HUMAN
E:/LYC/TopMG/26171/RM_20190801_NK_F2_02_ms2.msalign	62	508	CID	1096	3147.48	194	10	11748.98765	11749.03765	41	-	-1000	-1	1	sp|P62310|LSM3_HUMAN	U6 snRNA-associated Sm-like protein LSm3 OS=Homo sapiens OX=9606 GN=LSM3 PE=1 SV=2	2	102		ADDVDQQQTTNTVEEPLDLIRLSLDERIYVKMRNDRELRGRLHAYDQHLNMILGDVEETVTTIEIDEETYEEIYKSTKRNIPMLFVRGDGVVLVAPPLRVG	M.(AD)[Acetyl]DVDQQQTTNTVEEPLDLIRLSLDERIYVKMRNDRELRGRLHAYDQHLNMILGDVEETVTTIEIDEETYEEIYKSTKRNIPMLFVRGDGVVLVAPPLRVG.	11749.03761	NME		0		1	Acetyl:[1-2]	-	49	40	1.56E-08	0	0	508sp|P62310|LSM3_HUMAN
E:/LYC/TopMG/26171/RM_20190801_NK_F2_02_ms2.msalign	63	513	CID	1110	4434.24	207	10	12493.4375	12493.4675	78	-	-1000	-1	1	sp|P20674|COX5A_HUMAN	"Cytochrome c oxidase subunit 5A, mitochondrial OS=Homo sapiens OX=9606 GN=COX5A PE=1 SV=2"	42	150		SHGSQETDEEFDARWVTYFNKPDIDAWELRKGINTLVTYDMVPEPKIIDAALRACRRLNDFASTVRILEVVKDKAGPHKEIYPYVIQELRPTLNELGISTPEELGLDKV	Y.SHGSQETDEEFDARWVTYFNKPDIDAWELRKGINTLVTYDMVPEPKIIDAALRACRRLNDFASTVRILEVVKDKAGPHKEIYPYVIQELRPTLNELGISTPEELGLDKV.	12493.42642	NONE		0		0		-	73	62	8.21E-07	0	0	513sp|P20674|COX5A_HUMAN
E:/LYC/TopMG/26171/RM_20190801_NK_F2_02_ms2.msalign	64	514	CID	1111	3644.32	202	12	12493.42532	12493.45532	78	-	-1000	-1	1	sp|P20674|COX5A_HUMAN	"Cytochrome c oxidase subunit 5A, mitochondrial OS=Homo sapiens OX=9606 GN=COX5A PE=1 SV=2"	42	150		SHGSQETDEEFDARWVTYFNKPDIDAWELRKGINTLVTYDMVPEPKIIDAALRACRRLNDFASTVRILEVVKDKAGPHKEIYPYVIQELRPTLNELGISTPEELGLDKV	Y.SHGSQETDEEFDARWVTYFNKPDIDAWELRKGINTLVTYDMVPEPKIIDAALRACRRLNDFASTVRILEVVKDKAGPHKEIYPYVIQELRPTLNELGISTPEELGLDKV.	12493.42642	NONE		0		0		-	45	29	1.61E-05	0.00952381	0	514sp|P20674|COX5A_HUMAN
E:/LYC/TopMG/26171/RM_20190801_NK_F2_02_ms2.msalign	65	518	CID	1117	3195.45	135	12	9092.87214	9092.89714	126	-	-1000	-1	1	sp|Q9P1F3|ABRAL_HUMAN	Costars family protein ABRACL OS=Homo sapiens OX=9606 GN=ABRACL PE=1 SV=1	1	81		MNVDHEVNLLVEEIHRLGSKNADGKLSVKFGVLFRDDKCANLFEALVGTLKAAKRRKIVTYPGELLLQGVHDDVDIILLQD	.(MNVDHEVNLLVEEIHRLGSKNADGKLSVKFGVLFR)[Acetyl]DDKCANLFEALVGTLKAAKRRKIVTYPGELLLQGVHDDVDIILLQD.	9092.897105	NONE		0		1	Acetyl:[1-35]	-	16	12	7.33E-05	0.008196721	0.011235955	518sp|Q9P1F3|ABRAL_HUMAN
E:/LYC/TopMG/26171/RM_20190801_NK_F2_02_ms2.msalign	66	527	CID	1135	3232.51	242	11	15130.85767	15130.91767	17	-	-1000	-1	1	sp|P69905|HBA_HUMAN	Hemoglobin subunit alpha OS=Homo sapiens OX=9606 GN=HBA1 PE=1 SV=2	2	142		VLSPADKTNVKAAWGKVGAHAGEYGAEALERMFLSFPTTKTYFPHFDLSHGSAQVKGHGKKVADALTNAVAHVDDMPNALSALSDLHAHKLRVDPVNFKLLSHCLLVTLAAHLPAEFTPAVHASLDKFLASVSTVLTSKYR	M.VLSPADKTNVKAAWGKVGAHAGEYGAEALERMFLSFPTTKTYFPHFDLSHGSAQVKGHGKKVADALTNAVAHVDD(MPNALSALSDLHAHKLRVD)[Methyl]PVNFKLLSHCLLVTLAAHLPAEFTPAVHASLDKFLASVSTVLTSKYR.	15130.91763	NME		0		1	Methyl:[76-94]	-	30	26	5.51E-07	0	0	527sp|P69905|HBA_HUMAN
E:/LYC/TopMG/26171/RM_20190801_NK_F2_02_ms2.msalign	67	532	CID	1146	3259.82	110	9	6657.59735	6657.60735	2	-	-1000	-1	2	sp|P56378|ATP68_HUMAN	"ATP synthase subunit ATP5MJ, mitochondrial OS=Homo sapiens OX=9606 GN=ATP5MJ PE=1 SV=1"	1	58		MLQSIIKNIWIPMKPYYTKVYQEIWIGMGLMGFIVYKIRAADKRSKALKASAPAPGHH	.MLQSIIKNIWIPMKPYYTKVYQEIWIGMGLMGFIVYKIRAADKRSKALKASAPAPGHH.	6657.592153	NONE		0		0		-	38	29	5.98E-10	0	0	532sp|P56378|ATP68_HUMAN
E:/LYC/TopMG/26171/RM_20190801_NK_F2_02_ms2.msalign	68	533	CID	1147	3260.55	272	16	17188.71294	17188.72294	86	-	-1000	-1	1	sp|P13073|COX41_HUMAN	"Cytochrome c oxidase subunit 4 isoform 1, mitochondrial OS=Homo sapiens OX=9606 GN=COX4I1 PE=1 SV=1"	23	169		AHESVVKSEDFSLPAYMDRRDHPLPEVAHVKHLSASQKALKEKEKASWSSLSMDEKVELYRIKFKESFAEMNRGSNEWKTVVGGAMFFIGFTALVIMWQKHYVYGPLPQSFDKEWVAKQTKRMLDMKVNPIQGLASKWDYEKNEWKK	R.AHESVVKSEDFSLPAYMDRRDHPLPEVAHVKHLSASQKALKEKEKASWSSLSMDEKVELYRIKFKESFAEMNRGSNEWKTVVGGAMFFIGFTALVIMWQKHYVYGPLPQSFDKEWVAKQTKRMLDMKVNPIQGLASKWDYEKNEWKK.	17188.71917	NONE		0		0		-	30	25	1.31E-05	0.009708738	0	533sp|P13073|COX41_HUMAN
E:/LYC/TopMG/26171/RM_20190801_NK_F2_02_ms2.msalign	69	534	CID	1149	3265.91	270	20	17187.7242	17187.7542	86	-	-1000	-1	1	sp|P13073|COX41_HUMAN	"Cytochrome c oxidase subunit 4 isoform 1, mitochondrial OS=Homo sapiens OX=9606 GN=COX4I1 PE=1 SV=1"	24	169		HESVVKSEDFSLPAYMDRRDHPLPEVAHVKHLSASQKALKEKEKASWSSLSMDEKVELYRIKFKESFAEMNRGSNEWKTVVGGAMFFIGFTALVIMWQKHYVYGPLPQSFDKEWVAKQTKRMLDMKVNPIQGLASKWDYEKNEWKK	A.(HESVVKSEDFSLPAYMDRRDHPLPEVAHVKH)[Acetyl](LSASQKALKEK)[Dimethyl]EKASWSSLSMDEKVELYRIKFKESFAEMNRGSNEWKTVVGGAMFFIGFTALVIMWQKHYVYGPLPQSFDKEWVAKQTKRMLDMKVNPIQGLASKWDYEKNEWKK.	17187.75416	NONE		0		2	Acetyl:[1-31];Dimethyl:[32-42]	-	40	28	1.38E-06	0	0	534sp|P13073|COX41_HUMAN
E:/LYC/TopMG/26171/RM_20190801_NK_F2_02_ms2.msalign	70	535	CID	1150	3266.55	103	6	6657.58775	6657.59775	2	-	-1000	-1	2	sp|P56378|ATP68_HUMAN	"ATP synthase subunit ATP5MJ, mitochondrial OS=Homo sapiens OX=9606 GN=ATP5MJ PE=1 SV=1"	1	58		MLQSIIKNIWIPMKPYYTKVYQEIWIGMGLMGFIVYKIRAADKRSKALKASAPAPGHH	.MLQSIIKNIWIPMKPYYTKVYQEIWIGMGLMGFIVYKIRAADKRSKALKASAPAPGHH.	6657.592153	NONE		0		0		-	22	20	3.65E-09	0	0	535sp|P56378|ATP68_HUMAN
E:/LYC/TopMG/26171/RM_20190801_NK_F2_02_ms2.msalign	71	541	CID	1159	3285.45	156	7	9363.89849	9363.89849	0	-	-1000	-1	1	sp|O00483|NDUA4_HUMAN	Cytochrome c oxidase subunit NDUFA4 OS=Homo sapiens OX=9606 GN=NDUFA4 PE=1 SV=1	1	81		MLRQIIGQAKKHPSLIPLFVFIGTGATGATLYLLRLALFNPDVCWDRNNPEPWNKLGPNDQYKFYSVNVDYSKLKKERPDF	.MLRQIIGQAKKHPSLIPLFVFIGTGATGATLYLLRLALFNPDVCWDRNNPEPWNKLGPNDQYKFYSVNVDYSKLKKERPDF.	9363.910332	NONE		0		0		-	66	53	1.42E-09	0	0	541sp|O00483|NDUA4_HUMAN
E:/LYC/TopMG/26171/RM_20190801_NK_F2_02_ms2.msalign	72	542	CID	1162	3294.15	245	20	15214.96623	15214.98623	14	-	-1000	-1	1	sp|P69905|HBA_HUMAN	Hemoglobin subunit alpha OS=Homo sapiens OX=9606 GN=HBA1 PE=1 SV=2	2	142		VLSPADKTNVKAAWGKVGAHAGEYGAEALERMFLSFPTTKTYFPHFDLSHGSAQVKGHGKKVADALTNAVAHVDDMPNALSALSDLHAHKLRVDPVNFKLLSHCLLVTLAAHLPAEFTPAVHASLDKFLASVSTVLTSKYR	M.VLSPADKTNVKAAWGKVGAHAGEYGAEALERMF(LSFPTTKTYFPHFDLSHGSAQVKGHGKKVADALT)[Methyl;Acetyl;Acetyl]NAVAHVDDMPNALSALSDLHAHKLRVDPVNFKLLSHCLLVTLAAHLPAEFTPAVHASLDKFLASVSTVLTSKYR.	15214.98619	NME		0		3	Methyl;Acetyl;Acetyl:[34-67]	-	54	42	9.13E-09	0	0	542sp|P69905|HBA_HUMAN
E:/LYC/TopMG/26171/RM_20190801_NK_F2_02_ms2.msalign	73	543	CID	1165	3300.73	144	12	9363.92443	9363.92943	0	-	-1000	-1	1	sp|O00483|NDUA4_HUMAN	Cytochrome c oxidase subunit NDUFA4 OS=Homo sapiens OX=9606 GN=NDUFA4 PE=1 SV=1	1	81		MLRQIIGQAKKHPSLIPLFVFIGTGATGATLYLLRLALFNPDVCWDRNNPEPWNKLGPNDQYKFYSVNVDYSKLKKERPDF	.MLRQIIGQAKKHPSLIPLFVFIGTGATGATLYLLRLALFNPDVCWDRNNPEPWNKLGPNDQYKFYSVNVDYSKLKKERPDF.	9363.910332	NONE		0		0		-	19	17	2.92E-10	0	0	543sp|O00483|NDUA4_HUMAN
E:/LYC/TopMG/26171/RM_20190801_NK_F2_02_ms2.msalign	74	549	CID	1182	4991.5	246	15	15116.88293	15116.90293	16	-	-1000	-1	1	sp|P69905|HBA_HUMAN	Hemoglobin subunit alpha OS=Homo sapiens OX=9606 GN=HBA1 PE=1 SV=2	2	142		VLSPADKTNVKAAWGKVGAHAGEYGAEALERMFLSFPTTKTYFPHFDLSHGSAQVKGHGKKVADALTNAVAHVDDMPNALSALSDLHAHKLRVDPVNFKLLSHCLLVTLAAHLPAEFTPAVHASLDKFLASVSTVLTSKYR	M.VLSPADKTNVKAAWGKVGAHAGEYGAEALERMFLSFPTTKTYFPHFDLSHGSAQVKGHGKKVADALTNAVAHVDDMPNALSALSDLHAHKLRVDPVNFKLLSHCLLVTLAAHLPAEFTPAVHASLDKFLASVSTVLTSKYR.	15116.8851	NME		0		0		-	116	85	2.61E-08	0	0	549sp|P69905|HBA_HUMAN
E:/LYC/TopMG/26171/RM_20190801_NK_F2_02_ms2.msalign	75	551	CID	1185	3347.79	99	8	6647.62116	6647.63116	15	-	-1000	-1	1	sp|P69905|HBA_HUMAN	Hemoglobin subunit alpha OS=Homo sapiens OX=9606 GN=HBA1 PE=1 SV=2	82	142		SALSDLHAHKLRVDPVNFKLLSHCLLVTLAAHLPAEFTPAVHASLDKFLASVSTVLTSKYR	L.SALSDLHAHKLRVDPVNFKLLSHCLLVTLAAHLPAEFTPAVHASLDKFLASVSTVLTSKYR.	6647.620669	NONE		0		0		-	44	40	1.91E-08	0	0	551sp|P69905|HBA_HUMAN
E:/LYC/TopMG/26171/RM_20190801_NK_F2_02_ms2.msalign	76	553	CID	1188	3353.75	244	14	15116.88404	15116.89904	16	-	-1000	-1	1	sp|P69905|HBA_HUMAN	Hemoglobin subunit alpha OS=Homo sapiens OX=9606 GN=HBA1 PE=1 SV=2	2	142		VLSPADKTNVKAAWGKVGAHAGEYGAEALERMFLSFPTTKTYFPHFDLSHGSAQVKGHGKKVADALTNAVAHVDDMPNALSALSDLHAHKLRVDPVNFKLLSHCLLVTLAAHLPAEFTPAVHASLDKFLASVSTVLTSKYR	M.VLSPADKTNVKAAWGKVGAHAGEYGAEALERMFLSFPTTKTYFPHFDLSHGSAQVKGHGKKVADALTNAVAHVDDMPNALSALSDLHAHKLRVDPVNFKLLSHCLLVTLAAHLPAEFTPAVHASLDKFLASVSTVLTSKYR.	15116.8851	NME		0		0		-	100	74	8.32E-08	0	0	553sp|P69905|HBA_HUMAN
E:/LYC/TopMG/26171/RM_20190801_NK_F2_02_ms2.msalign	77	554	CID	1189	3475.09	251	16	15116.88302	15116.90802	16	-	-1000	-1	1	sp|P69905|HBA_HUMAN	Hemoglobin subunit alpha OS=Homo sapiens OX=9606 GN=HBA1 PE=1 SV=2	2	142		VLSPADKTNVKAAWGKVGAHAGEYGAEALERMFLSFPTTKTYFPHFDLSHGSAQVKGHGKKVADALTNAVAHVDDMPNALSALSDLHAHKLRVDPVNFKLLSHCLLVTLAAHLPAEFTPAVHASLDKFLASVSTVLTSKYR	M.VLSPADKTNVKAAWGKVGAHAGEYGAEALERMFLSFPTTKTYFPHFDLSHGSAQVKGHGKKVADALTNAVAHVDDMPNALSALSDLHAHKLRVDPVNFKLLSHCLLVTLAAHLPAEFTPAVHASLDKFLASVSTVLTSKYR.	15116.8851	NME		0		0		-	98	71	2.17E-08	0	0	554sp|P69905|HBA_HUMAN
E:/LYC/TopMG/26171/RM_20190801_NK_F2_02_ms2.msalign	78	568	CID	1216	3419.53	201	14	12681.28617	12681.30117	83	-	-1000	-1	1	sp|P06702|S10A9_HUMAN	Protein S100-A9 OS=Homo sapiens OX=9606 GN=S100A9 PE=1 SV=1	6	114		SQLERNIETIINTFHQYSVKLGHPDTLNQGEFKELVRKDLQNFLKKENKNEKVIEHIMEDLDTNADKQLSFEEFIMLMARLTWASHEKMHEGDEGPGHHHKPGLGEGTP	M.(SQLERNI)[Acetyl]ETIINTFHQYSVKLGHPDTLNQGEFKELVRKDLQNFLKKENKNEKVIEHIMEDLDTNADKQLSFEEFIMLMARLTWASHEKMHEGDEGPGHHHKPGLGEGTP.	12681.30113	NONE		0		1	Acetyl:[1-7]	-	34	30	5.11E-05	0.008474576	0.011764706	568sp|P06702|S10A9_HUMAN
E:/LYC/TopMG/26171/RM_20190801_NK_F2_02_ms2.msalign	79	569	CID	1224	3439.88	242	20	15158.90576	15158.91576	13	-	-1000	-1	1	sp|P69905|HBA_HUMAN	Hemoglobin subunit alpha OS=Homo sapiens OX=9606 GN=HBA1 PE=1 SV=2	2	142		VLSPADKTNVKAAWGKVGAHAGEYGAEALERMFLSFPTTKTYFPHFDLSHGSAQVKGHGKKVADALTNAVAHVDDMPNALSALSDLHAHKLRVDPVNFKLLSHCLLVTLAAHLPAEFTPAVHASLDKFLASVSTVLTSKYR	M.VLSPADKTNVKAAWGKVGAHAGEYGAEALERMFLSFPT(TKTYFPHFDLSHGSAQVKGHGKKVADALTNAVAHV)[Acetyl]DDMPNALSALSDLHAHKLRVDPVNFKLLSHCLLVTLAAHLPAEFTPAVHASLDKFLASVSTVLTSKYR.	15158.91572	NME		0		1	Acetyl:[39-73]	-	43	32	7.15E-09	0	0	569sp|P69905|HBA_HUMAN
E:/LYC/TopMG/26171/RM_20190801_NK_F2_02_ms2.msalign	80	575	CID	1234	3458.04	203	15	12761.26298	12761.28798	82	-	-1000	-1	1	sp|P06702|S10A9_HUMAN	Protein S100-A9 OS=Homo sapiens OX=9606 GN=S100A9 PE=1 SV=1	6	114		SQLERNIETIINTFHQYSVKLGHPDTLNQGEFKELVRKDLQNFLKKENKNEKVIEHIMEDLDTNADKQLSFEEFIMLMARLTWASHEKMHEGDEGPGHHHKPGLGEGTP	M.(SQLERN)[Acetyl]IETIINTFHQYSVKLGHPDTLNQGEFKELVRKDLQNFLKKENKNEKVIEHIMEDLDTNADKQLSFEEFI(MLMARLTWASHEKMHEGDEG)[Phospho]PGHHHKPGLGEGTP.	12761.28794	NONE		0		2	Acetyl:[1-6];Phospho:[76-95]	-	23	19	1.02E-06	0	0	575sp|P06702|S10A9_HUMAN
E:/LYC/TopMG/26171/RM_20190801_NK_F2_02_ms2.msalign	81	591	CID	1269	3663.05	264	20	15857.24991	15857.25991	24	-	-1000	-1	1	sp|P68871|HBB_HUMAN	Hemoglobin subunit beta OS=Homo sapiens OX=9606 GN=HBB PE=1 SV=2	2	147		VHLTPEEKSAVTALWGKVNVDEVGGEALGRLLVVYPWTQRFFESFGDLSTPDAVMGNPKVKAHGKKVLGAFSDGLAHLDNLKGTFATLSELHCDKLHVDPENFRLLGNVLVCVLAHHFGKEFTPPVQAAYQKVVAGVANALAHKYH	M.VHLTPEEKSAVTALWGKVNVDEVGGEALGRLLVVYPWTQRFFESFGDLSTPDAVMGNPKVKAHGKKVLGAFSDGLAHLDNLKGTFATLSELHCDKLHVDPENFRLLGNVLVCVLAHHFGKEFTPPVQAAYQKVVAGVANALAHKYH.	15857.24969	NME		0		0		-	84	61	3.40E-08	0	0	591sp|P68871|HBB_HUMAN
E:/LYC/TopMG/26171/RM_20190801_NK_F2_02_ms2.msalign	82	594	CID	1275	3551.3	264	18	15857.25199	15857.26199	24	-	-1000	-1	1	sp|P68871|HBB_HUMAN	Hemoglobin subunit beta OS=Homo sapiens OX=9606 GN=HBB PE=1 SV=2	2	147		VHLTPEEKSAVTALWGKVNVDEVGGEALGRLLVVYPWTQRFFESFGDLSTPDAVMGNPKVKAHGKKVLGAFSDGLAHLDNLKGTFATLSELHCDKLHVDPENFRLLGNVLVCVLAHHFGKEFTPPVQAAYQKVVAGVANALAHKYH	M.VHLTPEEKSAVTALWGKVNVDEVGGEALGRLLVVYPWTQRFFESFGDLSTPDAVMGNPKVKAHGKKVLGAFSDGLAHLDNLKGTFATLSELHCDKLHVDPENFRLLGNVLVCVLAHHFGKEFTPPVQAAYQKVVAGVANALAHKYH.	15857.24969	NME		0		0		-	91	66	7.88E-09	0	0	594sp|P68871|HBB_HUMAN
E:/LYC/TopMG/26171/RM_20190801_NK_F2_02_ms2.msalign	83	617	CID	1338	3700.49	248	17	15899.25297	15899.28797	25	-	-1000	-1	1	sp|P68871|HBB_HUMAN	Hemoglobin subunit beta OS=Homo sapiens OX=9606 GN=HBB PE=1 SV=2	2	147		VHLTPEEKSAVTALWGKVNVDEVGGEALGRLLVVYPWTQRFFESFGDLSTPDAVMGNPKVKAHGKKVLGAFSDGLAHLDNLKGTFATLSELHCDKLHVDPENFRLLGNVLVCVLAHHFGKEFTPPVQAAYQKVVAGVANALAHKYH	M.VHLTPEEKSAVTALWGKVNVDEVGGEALGRLLVVYPWTQRFFESFGDLSTPDAVM(GNPKVKAHGKKVLGAFSDGLAHLDNLKGT)[Acetyl]FATLSELHCDKLHVDPENFRLLGNVLVCVLAHHFGKEFTPPVQAAYQKVVAGVANALAHKYH.	15899.28793	NME		0		1	Acetyl:[56-84]	-	60	43	2.60E-07	0	0	617sp|P68871|HBB_HUMAN
E:/LYC/TopMG/26171/RM_20190801_NK_F2_02_ms2.msalign	84	619	CID	1341	3708.25	246	18	15899.25732	15899.28732	25	-	-1000	-1	1	sp|P68871|HBB_HUMAN	Hemoglobin subunit beta OS=Homo sapiens OX=9606 GN=HBB PE=1 SV=2	2	147		VHLTPEEKSAVTALWGKVNVDEVGGEALGRLLVVYPWTQRFFESFGDLSTPDAVMGNPKVKAHGKKVLGAFSDGLAHLDNLKGTFATLSELHCDKLHVDPENFRLLGNVLVCVLAHHFGKEFTPPVQAAYQKVVAGVANALAHKYH	M.VHLTPEEKSAVTALWGKVNVDEVGGEALGRLLVVYPWTQRFFESFGDLSTPDAVMGNPKVKAHGKK(VLGAFSDGLAHLDNLKGTFATLSELHCDKLHVD)[Acetyl]PENFRLLGNVLVCVLAHHFGKEFTPPVQAAYQKVVAGVANALAHKYH.	15899.28728	NME		0		1	Acetyl:[67-99]	-	45	36	1.32E-07	0	0	619sp|P68871|HBB_HUMAN
E:/LYC/TopMG/26171/RM_20190801_NK_F2_02_ms2.msalign	85	621	CID	1348	3724.81	170	13	11064.47151	11064.49151	69	-	-1000	-1	1	sp|P60903|S10AA_HUMAN	Protein S100-A10 OS=Homo sapiens OX=9606 GN=S100A10 PE=1 SV=2	2	97		PSQMEHAMETMMFTFHKFAGDKGYLTKEDLRVLMEKEFPGFLENQKDPLAVDKIMKDLDQCRDGKVGFQSFFSLIAGLTIACNDYFVVHMKQKGKK	M.PSQMEHAMETMMFTFHKFAGDKGYLTKEDLRVLMEKEFPGFLENQKDPLAVDKIMKDLDQCRDGKVGFQSFFSLIAGLTIACNDYFVVHMKQKGKK.	11064.47075	NME		0		0		-	22	15	3.03E-07	0	0	621sp|P60903|S10AA_HUMAN
E:/LYC/TopMG/26171/RM_20190801_NK_F2_02_ms2.msalign	86	622	CID	1351	3730.99	250	15	15899.24443	15899.28943	25	-	-1000	-1	1	sp|P68871|HBB_HUMAN	Hemoglobin subunit beta OS=Homo sapiens OX=9606 GN=HBB PE=1 SV=2	2	147		VHLTPEEKSAVTALWGKVNVDEVGGEALGRLLVVYPWTQRFFESFGDLSTPDAVMGNPKVKAHGKKVLGAFSDGLAHLDNLKGTFATLSELHCDKLHVDPENFRLLGNVLVCVLAHHFGKEFTPPVQAAYQKVVAGVANALAHKYH	M.VHLTPEEKSAVTALWGKVNVDEVGGEALGRLLVVYPWTQRFFESFGDLST(PDAVMGNPKVKAHGKKVLGAF)[Methyl](SDGLAHLDNLKGTFATLSELHCDKL)[Dimethyl]HVDPENFRLLGNVLVCVLAHHFGKEFTPPVQAAYQKVVAGVANALAHKYH.	15899.28939	NME		0		2	Methyl:[51-71];Dimethyl:[72-96]	-	31	22	4.29E-05	0.00862069	0	622sp|P68871|HBB_HUMAN
E:/LYC/TopMG/26171/RM_20190801_NK_F2_02_ms2.msalign	87	625	CID	1356	4832.61	176	12	10645.57399	10645.57899	115	-	-1000	-1	1	sp|Q0VGL1|LTOR4_HUMAN	Ragulator complex protein LAMTOR4 OS=Homo sapiens OX=9606 GN=LAMTOR4 PE=1 SV=1	2	99		TSALTQGLERIPDQLGYLVLSEGAVLASSGDLENDEQAASAISELVSTACGFRLHRGMNVPFKRLSVVFGEHTLLVTVSGQRVFVVKRQNRGREPIDV	M.(TSALTQGLER)[Acetyl]IPDQLGYLVLSEGAVLASSGDLENDEQAASAISELVSTACGFRLHRGMNVPFKRLSVVFGEHTLLVTVSGQRVFVVKRQNRGREPIDV.	10645.57895	NME		0		1	Acetyl:[1-10]	-	15	13	2.27E-05	0.009174312	0.012820513	625sp|Q0VGL1|LTOR4_HUMAN
E:/LYC/TopMG/26171/RM_20190801_NK_F2_02_ms2.msalign	88	630	CID	1366	5209.42	265	19	15913.24932	15913.27932	57	-	-1000	-1	1	sp|P02042|HBD_HUMAN	Hemoglobin subunit delta OS=Homo sapiens OX=9606 GN=HBD PE=1 SV=2	2	146		VHLTPEEKTAVNALWGKVNVDAVGGEALGRLLVVYPWTQRFFESFGDLSSPDAVMGNPKVKAHGKKVLGAFSDGLAHLDNLKGTFSQLSELHCDKLHVDPENFRLLGNVLVCVLARNFGKEFTPQMQAAYQKVVAGVANALAHKY	M.VHLTPEEKTAVNALWGKVNVDAVGGEALGRLLVVYPWTQRFFESFGDLSS(PDAVMGNPKVKAHGKKVLGAFSD)[Dimethyl]GLAHLD(NLKGTF)[Dimethyl](SQLSELHCDK)[Phospho]LHVDPENFRLLGNVLVCVLARNFGKEFTPQMQAAYQKVVAGVANALAHKY.H	15913.27928	NME		0		3	Dimethyl:[51-73];Dimethyl:[80-85];Phospho:[86-95]	-	45	33	0.000126983	0.0078125	0	630sp|P02042|HBD_HUMAN
E:/LYC/TopMG/26171/RM_20190801_NK_F2_02_ms2.msalign	89	631	CID	1369	3773.33	89	7	5352.76992	5352.78492	77	-	-1000	-1	1	sp|P15954|COX7C_HUMAN	"Cytochrome c oxidase subunit 7C, mitochondrial OS=Homo sapiens OX=9606 GN=COX7C PE=1 SV=1"	17	63		SHYEEGPGKNLPFSVENKWSLLAKMCLYFGSAFATPFLVVRHQLLKT	R.SHYEEGPGKNLPFSVENKWSLLAKMCLYFGSAFATPFLVVRHQLLKT.	5352.762043	NONE		0		0		-	10	10	6.34E-07	0	0	631sp|P15954|COX7C_HUMAN
E:/LYC/TopMG/26171/RM_20190801_NK_F2_02_ms2.msalign	90	632	CID	1371	3778.66	255	14	15914.26697	15914.29197	57	-	-1000	-1	1	sp|P02042|HBD_HUMAN	Hemoglobin subunit delta OS=Homo sapiens OX=9606 GN=HBD PE=1 SV=2	2	147		VHLTPEEKTAVNALWGKVNVDAVGGEALGRLLVVYPWTQRFFESFGDLSSPDAVMGNPKVKAHGKKVLGAFSDGLAHLDNLKGTFSQLSELHCDKLHVDPENFRLLGNVLVCVLARNFGKEFTPQMQAAYQKVVAGVANALAHKYH	M.VHLTPEEKTAVNALWGKVNVDAVGGEALGRLLVVYPWTQRFFESFGDLSSPDAVMGNPKVKAHGKKVLGAFSDGLAHLDNLKGTFSQLSELHCDKLHVDPENFRLLGNVLVCVLARNFGKEFTPQMQAAYQKVVAGVANALAHKYH.	15914.24938	NME		0		0		-	21	20	4.19E-08	0	0	632sp|P02042|HBD_HUMAN
E:/LYC/TopMG/26171/RM_20190801_NK_F2_02_ms2.msalign	91	643	CID	1396	3838.88	254	17	16181.27561	16181.27561	26	-	-1000	-1	1	sp|P68871|HBB_HUMAN	Hemoglobin subunit beta OS=Homo sapiens OX=9606 GN=HBB PE=1 SV=2	2	147		VHLTPEEKSAVTALWGKVNVDEVGGEALGRLLVVYPWTQRFFESFGDLSTPDAVMGNPKVKAHGKKVLGAFSDGLAHLDNLKGTFATLSELHCDKLHVDPENFRLLGNVLVCVLAHHFGKEFTPPVQAAYQKVVAGVANALAHKYH	M.VHLTPEEKSAVTALWGKVNVDEVGGEALGRLLVVYPWTQRFFE(SFGDL)[Phospho](STPDAVMGNPK)[Phospho](VKAHGK)[Acetyl;Acetyl]KVLGAFSDGLAHLDNLKGTFAT(LSELHCDKLHVD)[Phospho]PENFRLLGNVLVCVLAHHFGKEFTPPVQAAYQKVVAGVANALAHKYH.	16181.27557	NME		0		5	Phospho:[44-48];Phospho:[49-59];Acetyl;Acetyl:[60-65];Phospho:[88-99]	-	21	19	7.74E-07	0	0	643sp|P68871|HBB_HUMAN
E:/LYC/TopMG/26171/RM_20190801_NK_F2_02_ms2.msalign	92	656	CID	1422	3900.4	268	14	16861.06481	16861.09981	116	-	-1000	-1	1	sp|P60660-2|MYL6_HUMAN	Isoform Smooth muscle of Myosin light polypeptide 6 OS=Homo sapiens OX=9606 GN=MYL6	2	151		CDFTEDQTAEFKEAFQLFDRTGDGKILYSQCGDVMRALGQNPTNAEVLKVLGNPKSDEMNVKVLDFEHFLPMLQTVAKNKDQGTYEDYVEGLRVFDKEGNGTVMGAEIRHVLVTLGEKMTEEEVEMLVAGHEDSNGCINYEELVRMVLNG	M.CDFTEDQTAEFKEAFQLFDRTGDGKILYSQCGDVMRALGQNPTNAEVLKVLGNPKSDEMNVKVLDFEHFLPMLQTVAKNKDQGTYEDYVEGLRVFDKEGNGTVMGAEIR(HVLVTLGEKMTEEEVEMLVAGHEDSNGC)[Acetyl]INYEELVRMVLNG.	16861.09977	NME		0		1	Acetyl:[110-137]	-	25	18	2.62E-05	0.009009009	0.0125	656sp|P60660-2|MYL6_HUMAN
E:/LYC/TopMG/26171/RM_20190801_NK_F2_02_ms2.msalign	93	663	CID	1440	3940.52	272	12	16779.87814	16779.86314	75	-	-1000	-1	3	sp|P0DP23|CALM1_HUMAN	Calmodulin-1 OS=Homo sapiens OX=9606 GN=CALM1 PE=1 SV=1	2	149		ADQLTEEQIAEFKEAFSLFDKDGDGTITTKELGTVMRSLGQNPTEAELQDMINEVDADGNGTIDFPEFLTMMARKMKDTDSEEEIREAFRVFDKDGNGYISAAELRHVMTNLGEKLTDEEVDEMIREADIDGDGQVNYEEFVQMMTAK	M.(ADQLTEEQIAEFKEAFSLFDKDGDGTITTKELGTVMR)[Acetyl]SLGQNPTEAELQDMINEVDADGNGTID(FPEFLTMMARKM)[Acetyl]KDTDSEEEIREAFRVFDKDGNGYISAAELRHVMTNLGEKLTDEEVDEMIREADIDGDGQVNYEEFVQMMTAK.	16779.8631	NME		0		2	Acetyl:[1-37];Acetyl:[65-76]	-	52	44	5.53E-07	0	0	663sp|P0DP23|CALM1_HUMAN
E:/LYC/TopMG/26171/RM_20190801_NK_F2_02_ms2.msalign	94	699	CID	1527	4148.73	134	10	8713.31168	8713.34168	1	-	-1000	-1	1	sp|Q5TGZ0|MIC10_HUMAN	MICOS complex subunit MIC10 OS=Homo sapiens OX=9606 GN=MICOS10 PE=1 SV=1	2	78		SESELGRKWDRCLADAVVKIGTGFGLGIVFSLTFFKRRMWPLAFGSGMGLGMAYSNCQHDFQAPYLLHGKYVKEQEQ	M.(SESELGRKWDRCLADAVVKIGTGFG)[Acetyl]LGIVFSLTFFKRRMWPLAFGSGMGLGMAYSNCQHDFQAPYLLHGKYVKEQEQ.	8713.341645	NME		0		1	Acetyl:[1-25]	-	33	22	4.98E-10	0	0	699sp|Q5TGZ0|MIC10_HUMAN
E:/LYC/TopMG/26171/RM_20190801_NK_F2_02_ms2.msalign	95	712	CID	1567	4240.11	149	12	9852.05399	9852.07399	125	-	-1000	-1	1	sp|P60468|SC61B_HUMAN	Protein transport protein Sec61 subunit beta OS=Homo sapiens OX=9606 GN=SEC61B PE=1 SV=2	3	96		GPTPSGTNVGSSGRSPSKAVAARAAGSTVRQRKNASCGTRSAGRTTSAGTGGMWRFYTEDSPGLKVGPVPVLVMSLLFIASVFMLHIWGKYTRS	P.GPTP(SGTNVGSSGRSPSKAVAARAAGSTVRQ)[Dimethyl;Acetyl]RKNASCGT(RSAGRTTSAGTGGMWRFYTED)[Acetyl]SPGLKVGPVPVLVMSLLFIASVFMLHIWGKYTRS.	9852.073955	NONE		0		3	Dimethyl;Acetyl:[5-31];Acetyl:[40-60]	-	25	20	5.82E-05	0.008264463	0.011363636	712sp|P60468|SC61B_HUMAN
E:/LYC/TopMG/26171/RM_20190801_NK_F2_02_ms2.msalign	96	736	CID	1626	4389.9	174	12	11332.20614	11332.24614	37	-	-1000	-1	1	sp|O75964|ATP5L_HUMAN	"ATP synthase subunit g, mitochondrial OS=Homo sapiens OX=9606 GN=ATP5MG PE=1 SV=3"	2	103		AQFVRNLVEKTPALVNAAVTYSKPRLATFWYYAKVELVPPTPAEIPRAIQSLKKIVNSAQTGSFKQLTVKEAVLNGLVATEVLMWFYVGEIIGKRGIIGYDV	M.(AQFVRNLVE)[Acetyl]KTPALVNAAVTYSKPRLATFWYYAKVELVPPTPAEIPRAIQSLKKIVNSAQTGSFKQLTVKEAVLNGLVATEVLMWFYVGEIIGKRGIIGYDV.	11332.2461	NME		0		1	Acetyl:[1-9]	-	52	39	2.64E-08	0	0	736sp|O75964|ATP5L_HUMAN
E:/LYC/TopMG/26171/RM_20190801_NK_F2_02_ms2.msalign	97	738	CID	1629	4397.89	180	13	11332.20871	11332.24371	37	-	-1000	-1	1	sp|O75964|ATP5L_HUMAN	"ATP synthase subunit g, mitochondrial OS=Homo sapiens OX=9606 GN=ATP5MG PE=1 SV=3"	2	103		AQFVRNLVEKTPALVNAAVTYSKPRLATFWYYAKVELVPPTPAEIPRAIQSLKKIVNSAQTGSFKQLTVKEAVLNGLVATEVLMWFYVGEIIGKRGIIGYDV	M.(AQFVRNLVEKTPALV)[Acetyl]NAAVTYSKPRLATFWYYAKVELVPPTPAEIPRAIQSLKKIVNSAQTGSFKQLTVKEAVLNGLVATEVLMWFYVGEIIGKRGIIGYDV.	11332.24367	NME		0		1	Acetyl:[1-15]	-	40	29	1.08E-08	0	0	738sp|O75964|ATP5L_HUMAN
E:/LYC/TopMG/26171/RM_20190801_NK_F2_02_ms2.msalign	98	740	CID	1638	4423.09	253	15	15960.15023	15960.19023	94	-	-1000	-1	1	sp|P57105|SYJ2B_HUMAN	Synaptojanin-2-binding protein OS=Homo sapiens OX=9606 GN=SYNJ2BP PE=1 SV=2	1	145		MNGRVDYLVTEEEINLTRGPSGLGFNIVGGTDQQYVSNDSGIYVSRIKENGAAALDGRLQEGDKILSVNGQDLKNLLHQDAVDLFRNAGYAVSLRVQHRLQVQNGPIGHRGEGDPSGIPIFMVLVPVFALTMVAAWAFMRYRQQL	.MNGRVDYLVTEEEINLTRGPSGLGFNIVGGTDQQYVSNDSGIYVSRIKENGAAALDGRLQEGDKILSVNGQDLKNLLH(QDAVDLFRN)[Acetyl]AGYAVSLRVQHRLQVQNGPIGHRGEGDPSGIPIFMVLVPVFALTMVAAWAFMRYRQQL.	15960.19019	NONE		0		1	Acetyl:[79-87]	-	19	17	2.37E-06	0	0	740sp|P57105|SYJ2B_HUMAN
E:/LYC/TopMG/26171/RM_20190801_NK_F2_02_ms2.msalign	99	744	CID	1651	4453.72	226	16	14180.57183	14180.58683	42	-	-1000	-1	1	sp|O95563|MPC2_HUMAN	Mitochondrial pyruvate carrier 2 OS=Homo sapiens OX=9606 GN=MPC2 PE=1 SV=1	2	127		SAAGARGLRATYHRLLDKVELMLPEKLRPLYNHPAGPRTVFFWAPIMKWGLVCAGLADMARPAEKLSTAQSAVLMATGFIWSRYSLVIIPKNWSLFAVNFFVGAAGASQLFRIWRYNQELKAKAHK	M.(SAAGARGLRATYHRLLDKVELMLPEKLRPLYNH)[Acetyl]PAGPRTVFFWAPIMKWGLVCAGLADMARPAEKLSTAQSAVLMATGFIWSRYSLVIIPKNWSLFAVNFFVGAAGASQLFRIWRYNQELKAKAHK.	14180.58679	NME		0		1	Acetyl:[1-33]	-	34	26	1.64E-08	0	0	744sp|O95563|MPC2_HUMAN
E:/LYC/TopMG/26171/RM_20190801_NK_F2_02_ms2.msalign	100	747	CID	1659	4474.42	183	9	11332.23142	11332.21642	37	-	-1000	-1	1	sp|O75964|ATP5L_HUMAN	"ATP synthase subunit g, mitochondrial OS=Homo sapiens OX=9606 GN=ATP5MG PE=1 SV=3"	2	103		AQFVRNLVEKTPALVNAAVTYSKPRLATFWYYAKVELVPPTPAEIPRAIQSLKKIVNSAQTGSFKQLTVKEAVLNGLVATEVLMWFYVGEIIGKRGIIGYDV	M.(AQFVRNL)[Acetyl]VEKTPALVNAAVTYSKPRLATFWYYAKVELVPPTPAEIPRAIQSLKKIVNSAQTGSFKQLTVKEAVLNGLVATEVLMWFYVGEIIGKRGIIGYDV.	11332.21638	NME		0		1	Acetyl:[1-7]	-	31	31	2.51E-07	0	0	747sp|O75964|ATP5L_HUMAN
E:/LYC/TopMG/26171/RM_20190801_NK_F2_02_ms2.msalign	101	769	CID	1731	4668.4	83	5	5364.92349	5364.92349	119	-	-1000	-1	1	sp|P30273|FCERG_HUMAN	High affinity immunoglobulin epsilon receptor subunit gamma OS=Homo sapiens OX=9606 GN=FCER1G PE=1 SV=1	19	65		LGEPQLCYILDAILFLYGIVLTLLYCRLKIQVRKAAITSYEKSDGVY	A.LGEPQLCYILDAILFLYGIVLTLLYCRLKIQVRKAAITSYEKSDGVY.T	5364.927377	NONE		0		0		-	17	15	3.84E-05	0.00877193	0.012048193	769sp|P30273|FCERG_HUMAN
E:/LYC/TopMG/26171/RM_20190801_NK_F2_02_ms2.msalign	102	771	CID	1740	4690.45	84	6	5364.92809	5364.93309	119	-	-1000	-1	1	sp|P30273|FCERG_HUMAN	High affinity immunoglobulin epsilon receptor subunit gamma OS=Homo sapiens OX=9606 GN=FCER1G PE=1 SV=1	19	65		LGEPQLCYILDAILFLYGIVLTLLYCRLKIQVRKAAITSYEKSDGVY	A.LGEPQLCYILDAILFLYGIVLTLLYCRLKIQVRKAAITSYEKSDGVY.T	5364.927377	NONE		0		0		-	30	26	0.000127208	0.007751938	0.012048193	771sp|P30273|FCERG_HUMAN
E:/LYC/TopMG/26171/RM_20190801_NK_F2_02_ms2.msalign	103	791	CID	1803	4865.15	166	9	10616.99223	10617.02723	88	-	-1000	-1	1	sp|P04271|S100B_HUMAN	Protein S100-B OS=Homo sapiens OX=9606 GN=S100B PE=1 SV=2	2	92		SELEKAMVALIDVFHQYSGREGDKHKLKKSELKELINNELSHFLEEIKEQEVVDKVMETLDNDGDGECDFQEFMAFVAMVTTACHEFFEHE	M.SELEKAMVALIDVFHQYSGREGDKH(KLKKSELKELINNELSHFLEEIKEQEVVDKVMETLDNDGD)[Acetyl]GECDFQEFMAFVAMVTTACHEFFEHE.	10617.02719	NME		0		1	Acetyl:[26-65]	-	9	8	2.02E-06	0	0	791sp|P04271|S100B_HUMAN
E:/LYC/TopMG/26171/RM_20190801_NK_F2_02_ms2.msalign	104	882	CID	2115	5818.42	83	6	5792.23535	5792.24035	43	-	-1000	-1	1	sp|P40197|GPV_HUMAN	Platelet glycoprotein V OS=Homo sapiens OX=9606 GN=GP5 PE=1 SV=1	510	560		VTTGKGQDHSPFWGFYFLLLAVQAMITVIIVFAMIKIGQLFRKLIRERALG	P.VTTGKGQDHSPFWGFYFLLLAVQAMITVIIVFAMIKIGQLFRKLIRERALG.	5792.234673	NONE		0		0		-	30	23	2.20E-08	0	0	882sp|P40197|GPV_HUMAN
E:/LYC/TopMG/26171/RM_20190801_NK_F2_02_ms2.msalign	105	883	CID	2116	5820.53	87	7	5792.23575	5792.25075	43	-	-1000	-1	1	sp|P40197|GPV_HUMAN	Platelet glycoprotein V OS=Homo sapiens OX=9606 GN=GP5 PE=1 SV=1	510	560		VTTGKGQDHSPFWGFYFLLLAVQAMITVIIVFAMIKIGQLFRKLIRERALG	P.VTTGKGQDHSPFWGFYFLLLAVQAMITVIIVFAMIKIGQLFRKLIRERALG.	5792.234673	NONE		0		0		-	41	24	5.14E-08	0	0	883sp|P40197|GPV_HUMAN
E:/LYC/TopMG/26171/RM_20190801_NK_F2_02_ms2.msalign	106	885	CID	2121	5837.13	84	5	5792.22831	5792.23831	43	-	-1000	-1	1	sp|P40197|GPV_HUMAN	Platelet glycoprotein V OS=Homo sapiens OX=9606 GN=GP5 PE=1 SV=1	510	560		VTTGKGQDHSPFWGFYFLLLAVQAMITVIIVFAMIKIGQLFRKLIRERALG	P.VTTGKGQDHSPFWGFYFLLLAVQAMITVIIVFAMIKIGQLFRKLIRERALG.	5792.234673	NONE		0		0		-	39	32	1.99E-07	0	0	885sp|P40197|GPV_HUMAN
E:/LYC/TopMG/26171/RM_20190801_NK_F2_02_ms2.msalign	107	888	CID	2127	5856.29	274	17	17394.29934	17394.30934	4	-	-1000	-1	1	sp|Q53FV1|ORML2_HUMAN	ORM1-like protein 2 OS=Homo sapiens OX=9606 GN=ORMDL2 PE=1 SV=2	1	153		MNVGVAHSEVNPNTRVMNSRGIWLAYIILVGLLHMVLLSIPFFSIPVVWTLTNVIHNLATYVFLHTVKGTPFETPDQGKARLLTHWEQMDYGLQFTSSRKFLSISPIVLYLLASFYTKYDAAHFLINTASLLSVLLPKLPQFHGVRVFGINKY	.(MNVGVAHSEVNPNT)[Acetyl]RVMNSRGIWLAYIILVGLLHMVLLSIPFFSIPVVWTLTNVIHNLATYVFL(HTVKGTPFETPD)[-93.9714]QGKARLLTHWEQMDYGLQFTS(SRKFLSISPIVLYLLA)[Methyl]SFYTKYDAAHFLINTASLLSV(LLPKLPQFHGVRVFGINKY)[Phospho].	17394.3093	NONE		1	-93.9714:[65-76]	3	Acetyl:[1-14];Methyl:[98-113];Phospho:[135-153]	-	25	20	1.30E-05	0.009803922	0	888sp|Q53FV1|ORML2_HUMAN
E:/LYC/TopMG/26171/RM_20190801_NK_F2_02_ms2.msalign	108	889	CID	2130	5864.27	277	16	17394.3119	17394.3119	4	-	-1000	-1	1	sp|Q53FV1|ORML2_HUMAN	ORM1-like protein 2 OS=Homo sapiens OX=9606 GN=ORMDL2 PE=1 SV=2	1	153		MNVGVAHSEVNPNTRVMNSRGIWLAYIILVGLLHMVLLSIPFFSIPVVWTLTNVIHNLATYVFLHTVKGTPFETPDQGKARLLTHWEQMDYGLQFTSSRKFLSISPIVLYLLASFYTKYDAAHFLINTASLLSVLLPKLPQFHGVRVFGINKY	.(MNVGVAHSEVNPNTRVMNSRGIWLAYIILVGLLH)[Acetyl]MVLLSIPFFSIPVVWTLTNVIHNLATYVFLHTVKGTPFETPDQGKARLLTHWEQMDYGLQFTSSRKFLSISPIVLYLLASFYTKYDAAHFLINTASLLSVLLPKLPQFHGVRVFGINKY.	17394.31186	NONE		0		1	Acetyl:[1-34]	-	31	20	1.45E-09	0	0	889sp|Q53FV1|ORML2_HUMAN
E:/LYC/TopMG/26171/RM_20190801_NK_F2_02_ms2.msalign	109	895	CID	2145	5907.95	268	16	16478.82249	16478.83249	44	-	-1000	-1	1	sp|Q99735|MGST2_HUMAN	Microsomal glutathione S-transferase 2 OS=Homo sapiens OX=9606 GN=MGST2 PE=1 SV=1	2	147		AGNSILLAAVSILSACQQSYFALQVGKARLKYKVTPPAVTGSPEFERVFRAQQNCVEFYPIFIITLWMAGWYFNQVFATCLGLVYIYGRHLYFWGYSEAAKKRITGFRLSLGILALLTLLGALGIANSFLDEYLDLNIAKKLRRQF	M.AGNSILLAAVSILSACQQSYFALQVGKARLKYKVTPPAVTGSPEFERVFRAQQNCVEFYPIFIITLWMAGWYFNQVFATCLGLVYIYGRHLYFWGYSEAAKKRITGFRLSLGILALLTLLGALGIANSFLDEYLDLNIAKKLRRQF.	16478.7997	NME		0		0		-	58	42	2.36E-08	0	0	895sp|Q99735|MGST2_HUMAN
E:/LYC/TopMG/26171/RM_20190801_NK_F2_02_ms2.msalign	110	899	CID	2152	5926.56	115	6	7640.84464	7640.87964	58	-	-1000	-1	2	sp|Q8WVX3|CD003_HUMAN	Uncharacterized protein C4orf3 OS=Homo sapiens OX=9606 GN=C4orf3 PE=1 SV=2	1	66		MEVDAPGVDGRDGLRERRGFSEGGRQNFDVRPQSGANGLPKHSYWLDLWLFILFDVVVFLFVYFLP	.(MEVDAPG)[Acetyl]VDGRDGLRERRGFSEGGRQNFDVRPQSGANGLPKHSYWLDLWLFILFDVVVFLFVYFLP.	7640.879605	NONE		0		1	Acetyl:[1-7]	-	26	21	4.43E-08	0	0	899sp|Q8WVX3|CD003_HUMAN
E:/LYC/TopMG/26171/RM_20190801_NK_F2_02_ms2.msalign	111	900	CID	2154	5933.57	146	7	8831.87051	8831.89051	40	-	-1000	-1	1	sp|Q9Y5U9|IR3IP_HUMAN	Immediate early response 3-interacting protein 1 OS=Homo sapiens OX=9606 GN=IER3IP1 PE=1 SV=1	2	82		AFTLYSLLQAALLCVNAIAVLHEERFLKNIGWGTDQGIGGFGEEPGIKSQLMNLIRSVRTVMRVPLIIVNSIAIVLLLLFG	M.AFTLYSLLQAALLCVNAIAVLHEERFLKNIGWGTDQGIGGFGEEPGIKSQLMNLIRSVRTVMRVPLIIVNSIAIVLLLLFG.	8831.898495	NME		0		0		-	49	37	1.26E-08	0	0	900sp|Q9Y5U9|IR3IP_HUMAN
E:/LYC/TopMG/26171/RM_20190801_NK_F2_02_ms2.msalign	112	904	CID	2164	5963.58	117	6	8112.02727	8112.02727	59	-	-1000	-1	2	sp|O75787-2|RENR_HUMAN	Isoform 2 of Renin receptor OS=Homo sapiens OX=9606 GN=ATP6AP2	250	318		EAKQAKNPASPYNLAYKYNFEYSVVFNMVLWIMIALALAVIITSYNIWNMDPGYDSIIYRMTNQKIRMD	L.EAKQAKNPASPYNLAYKYNFEYSVVFNMVLWIMIALALAVIITSYNIWNMDPGYDSIIYRMTNQKIRMD.	8112.062926	NONE		0		0		-	20	20	8.35E-08	0	0	904sp|O75787-2|RENR_HUMAN
E:/LYC/TopMG/26171/RM_20190801_NK_F2_02_ms2.msalign	113	971	CID	2383	6622.71	250	15	15857.23098	15857.24598	24	-	-1000	-1	1	sp|P68871|HBB_HUMAN	Hemoglobin subunit beta OS=Homo sapiens OX=9606 GN=HBB PE=1 SV=2	2	147		VHLTPEEKSAVTALWGKVNVDEVGGEALGRLLVVYPWTQRFFESFGDLSTPDAVMGNPKVKAHGKKVLGAFSDGLAHLDNLKGTFATLSELHCDKLHVDPENFRLLGNVLVCVLAHHFGKEFTPPVQAAYQKVVAGVANALAHKYH	M.VHLTPEEKSAVTALWGKVNVDEVGGEALGRLLVVYPWTQRFFESFGDLSTPDAVMGNPKVKAHGKKVLGAFSDGLAHLDNLKGTFATLSELHCDKLHVDPENFRLLGNVLVCVLAHHFGKEFTPPVQAAYQKVVAGVANALAHKYH.	15857.24969	NME		0		0		-	37	31	4.87E-08	0	0	971sp|P68871|HBB_HUMAN
E:/LYC/TopMG/26171/RM_20190801_NK_F2_02_ms2.msalign	114	976	CID	2401	6678.69	168	12	10827.63934	10827.69434	61	-	-1000	-1	1	sp|P05109|S10A8_HUMAN	Protein S100-A8 OS=Homo sapiens OX=9606 GN=S100A8 PE=1 SV=1	1	93		MLTELEKALNSIIDVYHKYSLIKGNFHAVYRDDLKKLLETECPQYIRKKGADVWFKELDINTDGAVNFQEFLILVIKMGVAAHKKSHEESHKE	.MLTELEKALNSIIDVYHKYSLIKGNFHAVYRDDLKKLLETECPQYIRKKGADVWFKELDINTDGAVNFQEFLILVIKMGVAAHKKSHEESHKE.	10827.64922	NONE		0		0		-	25	20	1.51E-07	0	0	976sp|P05109|S10A8_HUMAN
